BEGIN;
INSERT INTO auth_permission ("id","content_type_id","codename","name") VALUES (1,1,'add_post','Can add post'),
 (2,1,'change_post','Can change post'),
 (3,1,'delete_post','Can delete post'),
 (4,1,'view_post','Can view post'),
 (5,2,'add_comment','Can add comment'),
 (6,2,'change_comment','Can change comment'),
 (7,2,'delete_comment','Can delete comment'),
 (8,2,'view_comment','Can view comment'),
 (9,3,'add_vote','Can add vote'),
 (10,3,'change_vote','Can change vote'),
 (11,3,'delete_vote','Can delete vote'),
 (12,3,'view_vote','Can view vote'),
 (13,4,'add_participant','Can add participant'),
 (14,4,'change_participant','Can change participant'),
 (15,4,'delete_participant','Can delete participant'),
 (16,4,'view_participant','Can view participant'),
 (17,5,'add_logentry','Can add log entry'),
 (18,5,'change_logentry','Can change log entry'),
 (19,5,'delete_logentry','Can delete log entry'),
 (20,5,'view_logentry','Can view log entry'),
 (21,6,'add_permission','Can add permission'),
 (22,6,'change_permission','Can change permission'),
 (23,6,'delete_permission','Can delete permission'),
 (24,6,'view_permission','Can view permission'),
 (25,7,'add_group','Can add group'),
 (26,7,'change_group','Can change group'),
 (27,7,'delete_group','Can delete group'),
 (28,7,'view_group','Can view group'),
 (29,8,'add_contenttype','Can add content type'),
 (30,8,'change_contenttype','Can change content type'),
 (31,8,'delete_contenttype','Can delete content type'),
 (32,8,'view_contenttype','Can view content type'),
 (33,9,'add_session','Can add session'),
 (34,9,'change_session','Can change session'),
 (35,9,'delete_session','Can delete session'),
 (36,9,'view_session','Can view session');
INSERT INTO django_admin_log ("id","object_id","object_repr","action_flag","change_message","content_type_id","user_id","action_time") VALUES (1,'19','Michigan''s Global Hustle: Big G Goes European!',3,'',1,1,'2026-02-16 19:34:08.722260'),
 (2,'18','Application for Steemit Challenge Season 30: Travel Videography Challenge',3,'',1,1,'2026-02-16 19:34:08.722305'),
 (3,'17','The Diary Game || 04-02-26 ||  After working 8 hours on duty, I went to Gulistan Market in the afternoon to buy products.',3,'',1,1,'2026-02-16 19:34:08.722325'),
 (4,'16','**Winter Wonderland Dates: Skip the Snow Day Snooze-Fest and Spark Some Joy!**',3,'',1,1,'2026-02-16 19:34:08.722340'),
 (5,'15','Beauty of Oman - Visual story - Part 1',3,'',1,1,'2026-02-16 19:34:08.722355'),
 (6,'14',' Where the Earth Breathes in Silence',3,'',1,1,'2026-02-16 19:34:08.722370'),
 (7,'13','Winter forest',3,'',1,1,'2026-02-16 19:34:08.722384'),
 (8,'12','Do you know Inari =/= Kennt ihr schon Inari? - Aizu Impressions 👹🍣🎎 Wonderful Japan ENG-GER',3,'',1,1,'2026-02-16 19:34:08.722397'),
 (9,'11','Beauty of Oman - Visual Story - Part 2',3,'',1,1,'2026-02-16 19:34:08.722411'),
 (10,'10','I witnessed The Commissioning Of The Omenuko Bridge by The Governor Of Abia State, Dr Alex Chioma Oti',3,'',1,1,'2026-02-16 19:34:08.722425'),
 (11,'9',' A Field Where Community Comes Alive',3,'',1,1,'2026-02-16 19:34:08.722439'),
 (12,'8','A Trip to Passport Office and Back Home',3,'',1,1,'2026-02-16 19:34:08.722453'),
 (13,'7','Upcoming Events in Belfast: What’s Happening in the City',3,'',1,1,'2026-02-16 19:34:08.722467'),
 (14,'6','Pupha Mahanatee Garden at Queen Sirikit Park, Bangkok',3,'',1,1,'2026-02-16 19:34:08.722482'),
 (15,'5','Wonderful experience traveling on holiday with my friend',3,'',1,1,'2026-02-16 19:34:08.722496'),
 (16,'4','Winter night sky',3,'',1,1,'2026-02-16 19:34:08.722509'),
 (17,'3','Winter landscape',3,'',1,1,'2026-02-16 19:34:08.722523'),
 (18,'2','All In One Travel Photography contest|| 2 steem power prize pool.||25',3,'',1,1,'2026-02-16 19:34:08.722536'),
 (19,'1','Big Storm⛈️💨 Grid outage 🪫🔋',3,'',1,1,'2026-02-16 19:34:08.722549'),
 (20,'168','unique opportunities for Australian players',3,'',1,1,'2026-02-16 20:04:00.167519'),
 (21,'167','unique opportunities for Australian players',3,'',1,1,'2026-02-16 20:04:00.167552'),
 (22,'166','The Audit is finally over',3,'',1,1,'2026-02-16 20:04:00.167566'),
 (23,'165','Teddy bears are tender childhood companions.',3,'',1,1,'2026-02-16 20:04:00.167577'),
 (24,'164','话要说给有回应的人听...',3,'',1,1,'2026-02-16 20:04:00.167589'),
 (25,'163','A cruel picture of the neglect of skinny street dogs.',3,'',1,1,'2026-02-16 20:04:00.167601'),
 (26,'162','An iron workshop',3,'',1,1,'2026-02-16 20:04:00.167611'),
 (27,'161','Khichuri',3,'',1,1,'2026-02-16 20:04:00.167621'),
 (28,'160','공원의자',3,'',1,1,'2026-02-16 20:04:00.167631'),
 (29,'159','A big iron tower',3,'',1,1,'2026-02-16 20:04:00.167641'),
 (30,'158','A sack of lentils',3,'',1,1,'2026-02-16 20:04:00.167650'),
 (31,'157','The Heritage',3,'',1,1,'2026-02-16 20:04:00.167661'),
 (32,'156','过年搞卫生洗蚊帐，忘...',3,'',1,1,'2026-02-16 20:04:00.167671'),
 (33,'155','Drawing Strength from God – When He Is Your Source',3,'',1,1,'2026-02-16 20:04:00.167681'),
 (34,'154','Ice Plant Flowers: A Chilly‑Cool Addition to Your Garden',3,'',1,1,'2026-02-16 20:04:00.167690'),
 (35,'153','Mung dal',3,'',1,1,'2026-02-16 20:04:00.167700'),
 (36,'152','A pharmacy shop',3,'',1,1,'2026-02-16 20:04:00.167709'),
 (37,'151','A new market',3,'',1,1,'2026-02-16 20:04:00.167719'),
 (38,'150','Standing Accountable for Your Decisions and Goals',3,'',1,1,'2026-02-16 20:04:00.167728'),
 (39,'149','The Unstoppable Blaze: Why Every Gardener Needs Tithonia',3,'',1,1,'2026-02-16 20:04:00.167738'),
 (40,'148','Weekend Study at Costa (2026-02-15)',3,'',1,1,'2026-02-16 20:04:00.167747'),
 (41,'147','What Planning Steps Reduce Cracking in Outdoor Hardscapes?',3,'',1,1,'2026-02-16 20:04:00.167758'),
 (42,'146','Experienced Interior Designer in Delhi NCR – Smart & Functional Spaces',3,'',1,1,'2026-02-16 20:04:00.167767'),
 (43,'145','Sunflower is a symbol of beauty',3,'',1,1,'2026-02-16 20:04:00.167777'),
 (44,'144','Day''s 8️⃣& 9️⃣Gold Coast Australia',3,'',1,1,'2026-02-16 20:04:00.167786'),
 (45,'143','Adjustments become a habit',3,'',1,1,'2026-02-16 20:04:00.167796'),
 (46,'142','10 years of expat life',3,'',1,1,'2026-02-16 20:04:00.167805'),
 (47,'141','Saving Children from Predators',3,'',1,1,'2026-02-16 20:04:00.167815'),
 (48,'140','How Daniel Guest Built Imagen Golf into a Leader in Modern Golf Instruction',3,'',1,1,'2026-02-16 20:04:00.167824'),
 (49,'139','Jack Grealish',3,'',1,1,'2026-02-16 20:04:00.167834'),
 (50,'138','Ball Sports Luggage Market Expansion Trends and Forecast to 2034',3,'',1,1,'2026-02-16 20:04:00.167844'),
 (51,'137','Ice Cold Revenge: USA Delivers Historic 5-0 Silence to Canada at Milano Cortina',3,'',1,1,'2026-02-16 20:04:00.167853'),
 (52,'136','Raheem Sterling has joined Dutch sign Feyenoord until the end of the season.',3,'',1,1,'2026-02-16 20:04:00.167862'),
 (53,'135','Understanding NEW88 and the Role of new88thai',3,'',1,1,'2026-02-16 20:04:00.167872'),
 (54,'134','The Scientific Formula: How Experts Quantify Sporting Difficulty.',3,'',1,1,'2026-02-16 20:04:00.167881'),
 (55,'133','Started Well Ended Horribly👿 (Blood Strike)',3,'',1,1,'2026-02-16 20:04:00.167891'),
 (56,'132','Frag Pro Shooter vol.4 ',3,'',1,1,'2026-02-16 20:04:00.167901'),
 (57,'131','First Match in Frag Pro Shooter vol.4',3,'',1,1,'2026-02-16 20:04:00.167910'),
 (58,'130','Ginga (FC MOBILE)',3,'',1,1,'2026-02-16 20:04:00.167919'),
 (59,'129','Tied Shotgun 1VS 1 (CODM)',3,'',1,1,'2026-02-16 20:04:00.167929'),
 (60,'128','Noob Battle Royale (CODM)',3,'',1,1,'2026-02-16 20:04:00.167939'),
 (61,'127','My Daily Walking Stats February 10 2026',3,'',1,1,'2026-02-16 20:04:00.167949'),
 (62,'126','My Daily Walking Stats February 11 2026',3,'',1,1,'2026-02-16 20:04:00.167959'),
 (63,'125','Rise and Shine: Unleashing Your Inner Phoenix (Fitness Style!)',3,'',1,1,'2026-02-16 20:04:00.167968'),
 (64,'124','The UFC heavyweight division is beyond repair',3,'',1,1,'2026-02-16 20:04:00.167978'),
 (65,'123','My Daily Walking Stats February 12 2026',3,'',1,1,'2026-02-16 20:04:00.167988'),
 (66,'122','The Super Bowl was a massive letdown this year',3,'',1,1,'2026-02-16 20:04:00.167998'),
 (67,'121','Koda''s Guide to Pure Joy: Unleashing Your Inner Puppy!',3,'',1,1,'2026-02-16 20:04:00.168007'),
 (68,'120','Referees eliminated',3,'',1,1,'2026-02-16 20:04:00.168016'),
 (69,'119','What winter Olympic sports are you watching?',3,'',1,1,'2026-02-16 20:04:00.168025'),
 (70,'118','My Daily Walking Stats February 13 2026',3,'',1,1,'2026-02-16 20:04:00.168035'),
 (71,'117','Daily Grind or Daily Gainz? Can You REALLY Lift Every Single Day?',3,'',1,1,'2026-02-16 20:04:00.168044'),
 (72,'116','My Daily Walking Stats February 14 2026',3,'',1,1,'2026-02-16 20:04:00.168055'),
 (73,'115','Your Chase Sapphire Just Got a Workout Buddy (and a Discount!)',3,'',1,1,'2026-02-16 20:04:00.168065'),
 (74,'114','ICC Men''s T20 World Cup 2026 - South Africa vs Afghanistan : A Magical Show!',3,'',1,1,'2026-02-16 20:04:00.168074'),
 (75,'113','Get Ready for the Future: It''s Going to Be Quantum and Nano-tastic!',3,'',1,1,'2026-02-16 20:04:00.168083'),
 (76,'112','Plot Twist! Pep''s Sweating Over Haaland Before the Arsenal Showdown!',3,'',1,1,'2026-02-16 20:04:00.168092'),
 (77,'111','The popcorn are ready',3,'',1,1,'2026-02-16 20:04:00.168102'),
 (78,'110','Still life in this old dog yet...',3,'',1,1,'2026-02-16 20:04:00.168111'),
 (79,'109','When Rivalry Becomes One-Sided: India vs Pakistan in Modern Cricket',3,'',1,1,'2026-02-16 20:04:00.168120'),
 (80,'108','Don''t call it shame, just call it Inter',3,'',1,1,'2026-02-16 20:04:00.168130'),
 (81,'107','OWeekly CRICKET Review - CXVii | The T20 World Cup',3,'',1,1,'2026-02-16 20:04:00.168139'),
 (82,'106','The Adorable Cunt',3,'',1,1,'2026-02-16 20:04:00.168148'),
 (83,'105',' Brainy Fisherman',3,'',1,1,'2026-02-16 20:04:00.168157'),
 (84,'104','A Colourful Bird',3,'',1,1,'2026-02-16 20:04:00.168166'),
 (85,'103','Shishkino',3,'',1,1,'2026-02-16 20:04:00.168177'),
 (86,'102','My Adorable Worm',3,'',1,1,'2026-02-16 20:04:00.168186'),
 (87,'101','Their Yellow Jerk',3,'',1,1,'2026-02-16 20:04:00.168195'),
 (88,'100',' Green Geek',3,'',1,1,'2026-02-16 20:04:00.168204'),
 (89,'99','A Lucky Robin',3,'',1,1,'2026-02-16 20:04:00.168213'),
 (90,'98','The Energetic Bird',3,'',1,1,'2026-02-16 20:04:00.168222'),
 (91,'97','My Cute Robin',3,'',1,1,'2026-02-16 20:04:00.168231'),
 (92,'96','His Troubled Hedgehog',3,'',1,1,'2026-02-16 20:04:00.168240'),
 (93,'95',' A Quiet Story of Everyday Life',3,'',1,1,'2026-02-16 20:04:00.168250'),
 (94,'94','Delicious Family Lunch',3,'',1,1,'2026-02-16 20:04:00.168259'),
 (95,'93','Wenfeng · A Gathering in Silken Lights',3,'',1,1,'2026-02-16 20:04:00.168269'),
 (96,'92','Terminal',3,'',1,1,'2026-02-16 20:04:00.168278'),
 (97,'91','A View from the 42nd Floor of a Building in Kuala Lumpur',3,'',1,1,'2026-02-16 20:04:00.168288'),
 (98,'90','Solo Travel is SO In: Why Everyone''s Hitting the Road Alone!',3,'',1,1,'2026-02-16 20:04:00.168297'),
 (99,'89','Eurasian blue tit (Cyanistes caeruleus) #5',3,'',1,1,'2026-02-16 20:04:00.168306'),
 (100,'88','The Serene Majesty of the Elbe River',3,'',1,1,'2026-02-16 20:04:00.168315'),
 (101,'87','Wakehurst Botanical  gardens',3,'',1,1,'2026-02-16 20:04:00.168324'),
 (102,'86','August Light at the Suzhou Museum',3,'',1,1,'2026-02-16 20:04:00.168334'),
 (103,'85','Day 🔟Gold Coast Australia',3,'',1,1,'2026-02-16 20:04:00.168343'),
 (104,'84','Our morning trip to buy quail birds',3,'',1,1,'2026-02-16 20:04:00.168353'),
 (105,'83','Winter lake walk',3,'',1,1,'2026-02-16 20:04:00.168362'),
 (106,'82','Where Gratitude Walks the Hills of Gombak',3,'',1,1,'2026-02-16 20:04:00.168371'),
 (107,'81','✨ A Place Where Light Speaks – A Journey Through Sacred Architecture',3,'',1,1,'2026-02-16 20:04:00.168380'),
 (108,'80','Let''s visit Oyama Shrine 尾山神社 👹🍣🎎 Wonderful Japan',3,'',1,1,'2026-02-16 20:04:00.168390'),
 (109,'79','Get Ready to Groove! Barranquilla Crowned World''s Most Creative City!',3,'',1,1,'2026-02-16 20:04:00.168488'),
 (110,'78','Eurasian blue tit (Cyanistes caeruleus) #4',3,'',1,1,'2026-02-16 20:04:00.168573'),
 (111,'77','A wave come splashing your toes',3,'',1,1,'2026-02-16 20:04:00.168595'),
 (112,'76','The Joyful Moment of Casting a Vote',3,'',1,1,'2026-02-16 20:04:00.168611'),
 (113,'75','Exploring the Marble and Tiles market',3,'',1,1,'2026-02-16 20:04:00.168629'),
 (114,'74','Winter forest',3,'',1,1,'2026-02-16 20:04:00.168645'),
 (115,'73','Application for Steemit Challenge Season 30: Travel Videography Challenge',3,'',1,1,'2026-02-16 20:04:00.168662'),
 (116,'72','The Diary Game || 04-02-26 ||  After working 8 hours on duty, I went to Gulistan Market in the afternoon to buy products.',3,'',1,1,'2026-02-16 20:04:00.168679'),
 (117,'71','Delicious Chicken Jalfrezi',3,'',1,1,'2026-02-16 20:04:00.168695'),
 (118,'70','Frozen Arepas - 10 February 2026',3,'',1,1,'2026-02-16 20:04:00.168711'),
 (119,'69','Dahi – The Taste of Tradition and Health',3,'',1,1,'2026-02-16 20:04:00.168728'),
 (120,'68','SLC29-W5 // "Boiled Chicken Recipes"',3,'',1,1,'2026-02-16 20:04:12.124710'),
 (121,'67','Traditional Sweets & Cakes- 📣 ✨ THE BEST FOOD POST ✨ 📣WEEK #161',3,'',1,1,'2026-02-16 20:04:12.124747'),
 (122,'66','Loose weight naturally',3,'',1,1,'2026-02-16 20:04:12.124772'),
 (123,'65','Vegetable noodles',3,'',1,1,'2026-02-16 20:04:12.124780'),
 (124,'64','SLC29-W5 | Fast Food Recipe : Chicken Jhalmuri Recipe.',3,'',1,1,'2026-02-16 20:04:12.124789'),
 (125,'63','Oat pancake in a bit',3,'',1,1,'2026-02-16 20:04:12.124797'),
 (126,'62','SLC29-W5 | Fast Food Recipe : Chicken Jhalmuri Recipe.',3,'',1,1,'2026-02-16 20:04:12.124805'),
 (127,'61','SLC29-W5 // "Boiled Chicken Recipes"',3,'',1,1,'2026-02-16 20:04:12.124815'),
 (128,'60','week #12 begins And Week #11 Winners 🏆🏆🏆 announcement Of the Delicious 😋 Food Highlights',3,'',1,1,'2026-02-16 20:04:12.124824'),
 (129,'59','SLC29-W5 // "Boiled Chicken Recipes"',3,'',1,1,'2026-02-16 20:04:12.124832'),
 (130,'58','SLC29-W5 | Fast Food Recipe : Chicken Jhalmuri Recipe',3,'',1,1,'2026-02-16 20:04:12.124840'),
 (131,'57','Late Night Cravings: Listening Gently to Your Body at Night',3,'',1,1,'2026-02-16 20:04:12.124848'),
 (132,'56','Daily Menu Delicacies Week No. 110 date (14-02-2026) // The name of your choice, (Try to be brief, we don''t want very long texts).',3,'',1,1,'2026-02-16 20:04:12.124856'),
 (133,'55','SLC29-W5 | Fast Food Recipe : Chicken Jhalmuri Recipe.',3,'',1,1,'2026-02-16 20:04:12.124864'),
 (134,'54','Application Steemit Challenge Season 30 || Traditional Steam Cooking',3,'',1,1,'2026-02-16 20:04:12.124872'),
 (135,'53','Egg noodles',3,'',1,1,'2026-02-16 20:04:12.124881'),
 (136,'52','Weekly contest|| Daily menu delicacies week of 109',3,'',1,1,'2026-02-16 20:04:12.124889'),
 (137,'51','The Boat Noodle Odyssey: A Braised Pork Masterpiece!',3,'',1,1,'2026-02-16 20:04:12.124897'),
 (138,'50','SLC29-W5 // "Boiled Chicken Recipes".',3,'',1,1,'2026-02-16 20:04:12.124905'),
 (139,'49','Recipe of the day week#97 Left over rice|| making Caremal kheer|| Delicious desert at home',3,'',1,1,'2026-02-16 20:04:12.124913'),
 (140,'48','Chicken Biryani Recipe.',3,'',1,1,'2026-02-16 20:04:12.124924'),
 (141,'47','Allah''s gift is a storehouse of eggs."Zirabo"',3,'',1,1,'2026-02-16 20:04:12.124947'),
 (142,'46','Daily Menu Delicacies Week No.109. date (11-02-2026) // (Tasty Delights from Morning to Night) 🤤🍽️',3,'',1,1,'2026-02-16 20:04:12.124958'),
 (143,'45','Spicy fried chickpeas recipe',3,'',1,1,'2026-02-16 20:04:12.124966'),
 (144,'44','Chicken and potato croquettes | chicken recipe slc29-w5',3,'',1,1,'2026-02-16 20:04:12.124974'),
 (145,'43','Daily Menu Delicacies Week No.110. date (14-02-2026) // Yummy day with loved ones',3,'',1,1,'2026-02-16 20:04:12.124983'),
 (146,'42','Steemit Challenge pitch season 30: Meals and Cultures of the World.',3,'',1,1,'2026-02-16 20:04:12.124991'),
 (147,'41','"Recipe of the Day, Week No. 97: (Aromatic Bhindi Chicken Delight  )"',3,'',1,1,'2026-02-16 20:04:12.124999'),
 (148,'40','My Foody Day at Home:  Coconut Rice and delicious Soup',3,'',1,1,'2026-02-16 20:04:12.125007'),
 (149,'39','Tasty jalebi',3,'',1,1,'2026-02-16 20:04:12.125018'),
 (150,'38','Boiled eggs and piyaju food',3,'',1,1,'2026-02-16 20:04:12.125031'),
 (151,'37','SLC29-W6// "Chicken With Rice"',3,'',1,1,'2026-02-16 20:04:12.125053'),
 (152,'36','**Winter Wonderland Dates: Skip the Snow Day Snooze-Fest and Spark Some Joy!**',3,'',1,1,'2026-02-16 20:04:12.125060'),
 (153,'35','Beauty of Oman - Visual story - Part 1',3,'',1,1,'2026-02-16 20:04:12.125068'),
 (154,'34',' Where the Earth Breathes in Silence',3,'',1,1,'2026-02-16 20:04:12.125076'),
 (155,'33','Winter forest',3,'',1,1,'2026-02-16 20:04:12.125085'),
 (156,'32','Do you know Inari =/= Kennt ihr schon Inari? - Aizu Impressions 👹🍣🎎 Wonderful Japan ENG-GER',3,'',1,1,'2026-02-16 20:04:12.125106'),
 (157,'31','Beauty of Oman - Visual Story - Part 2',3,'',1,1,'2026-02-16 20:04:12.125114'),
 (158,'30','I witnessed The Commissioning Of The Omenuko Bridge by The Governor Of Abia State, Dr Alex Chioma Oti',3,'',1,1,'2026-02-16 20:04:12.125126'),
 (159,'29',' A Field Where Community Comes Alive',3,'',1,1,'2026-02-16 20:04:12.125134'),
 (160,'28','A Trip to Passport Office and Back Home',3,'',1,1,'2026-02-16 20:04:12.125142'),
 (161,'27','Upcoming Events in Belfast: What’s Happening in the City',3,'',1,1,'2026-02-16 20:04:12.125153'),
 (162,'26','Pupha Mahanatee Garden at Queen Sirikit Park, Bangkok',3,'',1,1,'2026-02-16 20:04:12.125170'),
 (163,'25','Wonderful experience traveling on holiday with my friend',3,'',1,1,'2026-02-16 20:04:12.125178'),
 (164,'24','Winter night sky',3,'',1,1,'2026-02-16 20:04:12.125185'),
 (165,'23','Michigan''s Global Hustle: Big G Goes European!',3,'',1,1,'2026-02-16 20:04:12.125193'),
 (166,'22','Winter landscape',3,'',1,1,'2026-02-16 20:04:12.125200'),
 (167,'21','All In One Travel Photography contest|| 2 steem power prize pool.||25',3,'',1,1,'2026-02-16 20:04:12.125208'),
 (168,'20','Big Storm⛈️💨 Grid outage 🪫🔋',3,'',1,1,'2026-02-16 20:04:12.125218'),
 (169,'345','MAYBE THIS TOO?...',3,'',2,1,'2026-02-18 06:51:54.953739'),
 (170,'344','WILL THIS WORK?...',3,'',2,1,'2026-02-18 06:51:54.953769'),
 (171,'343','Dangit...',3,'',2,1,'2026-02-18 06:51:54.953782'),
 (172,'342','This did not work... or maybe it did?...',3,'',2,1,'2026-02-18 06:51:54.953791'),
 (173,'341','Test...',3,'',2,1,'2026-02-18 06:51:54.953801');
INSERT INTO django_content_type ("id","app_label","model") VALUES (1,'posts','post'),
 (2,'posts','comment'),
 (3,'posts','vote'),
 (4,'participants','participant'),
 (5,'admin','logentry'),
 (6,'auth','permission'),
 (7,'auth','group'),
 (8,'contenttypes','contenttype'),
 (9,'sessions','session');
INSERT INTO django_migrations ("id","app","name","applied") VALUES (1,'contenttypes','0001_initial','2026-02-16 13:46:06.891510'),
 (2,'contenttypes','0002_remove_content_type_name','2026-02-16 13:46:06.899987'),
 (3,'auth','0001_initial','2026-02-16 13:46:06.912460'),
 (4,'auth','0002_alter_permission_name_max_length','2026-02-16 13:46:06.920528'),
 (5,'auth','0003_alter_user_email_max_length','2026-02-16 13:46:06.926026'),
 (6,'auth','0004_alter_user_username_opts','2026-02-16 13:46:06.932977'),
 (7,'auth','0005_alter_user_last_login_null','2026-02-16 13:46:06.938429'),
 (8,'auth','0006_require_contenttypes_0002','2026-02-16 13:46:06.941541'),
 (9,'auth','0007_alter_validators_add_error_messages','2026-02-16 13:46:06.947269'),
 (10,'auth','0008_alter_user_username_max_length','2026-02-16 13:46:06.953152'),
 (11,'auth','0009_alter_user_last_name_max_length','2026-02-16 13:46:06.958583'),
 (12,'auth','0010_alter_group_name_max_length','2026-02-16 13:46:06.967155'),
 (13,'auth','0011_update_proxy_permissions','2026-02-16 13:46:06.972391'),
 (14,'auth','0012_alter_user_first_name_max_length','2026-02-16 13:46:06.978909'),
 (15,'participants','0001_initial','2026-02-16 13:46:06.990544'),
 (16,'admin','0001_initial','2026-02-16 13:46:07.001949'),
 (17,'admin','0002_logentry_remove_auto_add','2026-02-16 13:46:07.013282'),
 (18,'admin','0003_logentry_add_action_flag_choices','2026-02-16 13:46:07.021212'),
 (19,'participants','0002_rename_steemit_dollars_participant_steem_dollars_and_more','2026-02-16 13:46:07.042803'),
 (20,'participants','0003_remove_participant_is_npc','2026-02-16 13:46:07.054338'),
 (21,'participants','0004_participant_date_joined','2026-02-16 13:46:07.067698'),
 (22,'participants','0005_alter_participant_participant_code','2026-02-16 13:46:07.078684'),
 (23,'posts','0001_initial','2026-02-16 13:46:07.103310'),
 (24,'sessions','0001_initial','2026-02-16 13:46:07.112255'),
 (25,'posts','0002_comment_parent','2026-02-16 13:53:07.185534'),
 (26,'participants','0006_participant_participant_image','2026-02-17 21:13:38.515552');
INSERT INTO django_session ("session_key","session_data","expire_date") VALUES ('n51xohxcwgcfu5r6b9ppw44sq45f29n5','.eJxVjMsOwiAQRf-FtSE8p-DSvd9AmAGkaiAp7cr479qkC93ec859sRC3tYZt5CXMiZ2ZZKffDSM9cttBusd265x6W5cZ-a7wgw5-7Sk_L4f7d1DjqN_agtAW0SvATAImKsKoUqSURmsCsqqglZ4AyUWXvNJEZAQp4cDmCdj7A9cwN5Y:1vrywo:3zsMnsYZqdf-cqbTsmwurbtMzce7FeykIhEDKELqRhQ','2026-03-02 13:47:34.548691');
INSERT INTO participants_participant ("id","password","last_login","is_superuser","is_active","is_staff","steem_dollars","steem_power","date_joined","participant_code","participant_image") VALUES (1,'pbkdf2_sha256$1000000$Oegxk175GMfKnFYN0uJQix$ocSvRwiM4eSnIpHMTrFmjeFeS7bEBdT74TUrs/V0/zE=','2026-02-16 13:47:34.542964',1,1,1,0,0,'2026-02-16 13:47:02.099426','baylor_admin','https://www.gravatar.com/avatar/00000000000000000000000000000000?d=mp&f=y&s=128');
INSERT INTO posts_comment ("id","author","permlink","author_image","author_reputation","body","date","votes","payout","user_id","post_id","parent_id") VALUES (338,'fuli','20260213t085018750z','https://cdn.steemitimages.com/DQmRM2xQTzdHki2KpjskUgYuqty3J9gvq5JuNvsuXn3Yt8u/Screen%20Shot%202020-03-26%20at%2010.35.57%20AM.jpg',65,'Thank you for sharing on steem! I''m witness fuli, and I''ve given you a free upvote. If you''d like to support me, please consider voting at https://steemitwallet.com/~witnesses 🌟','2026-02-13 14:50:21',0,'$0.00',NULL,183,NULL),
 (339,'anzare084','tacbk0','https://www.gravatar.com/avatar/00000000000000000000000000000000?d=mp&f=y&s=128',35,'nice','2026-02-12 15:55:15',0,'$0.00',NULL,184,NULL),
 (340,'starrykay','tak97j','https://cdn.steemitimages.com/DQmeDLwypMuHfMhxzHiHAkYj642jNoLyoJSFw4DHgN1M13e/IMG_0699.png',35,'It feels like you were talking right to me, I’m on a journey!','2026-02-16 22:45:21',0,'$0.00',NULL,196,NULL);
INSERT INTO posts_post ("id","author","permlink","author_image","author_reputation","title","body","body_preview","image_url","category","category_name","date","votes","payout","user_id") VALUES (169,'live.log','michigans-global-hustle-big-g-goes-european-1771261784','https://cdn.steemitimages.com/DQmaJzZcFNFEgDkT2bVJgHNc4yABkzNVhvw94TngcK3Yk5x/Screenshot_20191115-123022_Instagram.jpg',71,'Michigan''s Global Hustle: Big G Goes European!','Ever wonder what your state governor does when they''re not, you know, governing right here at home? Well, if you''re in Michigan, Governor Whitmer might just be on a whirlwind European tour, shaking hands and making deals for the good old Mitten State!

[SOURCE](https://www.detroitnews.com/gcdn/authoring/authoring-images/2026/02/09/PDTN/88593221007-20260209-dmme-reading-money-1064.jpg?crop=2105,1184,x0,y615&width=2105&height=1184&format=pjpg&auto=webp)

Think of it like this: she''s basically Michigan''s super-salesperson, showing off all the cool stuff we make and the awesome talent we have. Her mission? To pump up Michigan''s economy, snag some sweet new investments, boost our exports, and create more jobs for folks like us. We''re talking about everything from advanced manufacturing (hello, cars!) to clean energy, life sciences, and all things mobility. It''s all about making sure Michigan isn''t just strong, but stronger!

First stop: Italy! Picture ancient ruins mixed with cutting-edge tech. Governor Whitmer hit up cities like Turin, Milan, and Rome, not for a pizza tour (well, maybe a little, we hope!), but to meet with business bigwigs and government folks. She was basically telling everyone, "Hey, Michigan is open for business, and we''re a fantastic place to invest!" She even chatted with the U.S. Ambassador to Italy, making sure Michigan''s voice was heard loud and clear on the international stage.

Then it was off to Munich, Germany, for something a bit more serious: the Munich Security Conference. This isn''t your average trade show; it''s where world leaders talk about, you know, world stuff. Our Governor was right there in the mix, discussing global security with allies and even meeting face-to-face with Ukrainian President Volodymyr Zelenskyy. It shows that Michigan isn''t just focused on what''s happening within our borders, but how we fit into the bigger global picture, supporting democracy and stability wherever we can.

So, what''s the big takeaway from this international adventure? Michigan isn''t just sitting pretty by the Great Lakes. We''re out there, making friends, making deals, and making sure our state stays strong and grows. It''s all about bringing home the bacon (or the pasta, in Italy''s case!) for Michigan families and ensuring a bright, prosperous future. Go, Michigan, go!

[Original Article](https://www.detroitnews.com/story/news/politics/2026/02/16/michigan-gretchen-whitmer-italy-trade-mission-munich-germany-ukraine/88701545007/)','Ever wonder what your state governor does when they''re not, you know, governing right here at home? Well, if you''re in Michigan, Governor Whitmer might just be on a whirlwind European tour, shaking hands and making deals for the good old Mitten State! SOURCE Think of it like this: she''s basically Michigan''s super-salesperson, showing off all the cool stuff we make and the awesome talent we have. Her mission? To pump up Michigan''s economy, snag some sweet new investments, boost our exports, and create more jobs for folks like us. We''re talking about everything from advanced manufacturing (hello, cars!) to','','travel','#travel','2026-02-16 23:09:45',151,'$60.40',NULL),
 (170,'tangmo','pupha-mahanatee-garden-at-queen-sirikit-park-bangkok','https://steemitimages.com/0x0/https://steemitimages.com/DQmZMuq9dhJDYfeshw6aCNhbGHF4QTe23UFcp6u2QETMfje/flower3006.jpg',73,'Pupha Mahanatee Garden at Queen Sirikit Park, Bangkok','![https://i.postimg.cc/85cQLYqN/Pupha-Mahanatee-Garden18.jpg](https://i.postimg.cc/85cQLYqN/Pupha-Mahanatee-Garden18.jpg)

Queen Sirikit Park has a very large area which is divided into many sections.  One of the interesting sections is “Pupha Mahanatee Garden”.  (Pupha means mountain or hill, Mahanatee means river or lake or pond)  

Pupha Mahanatee Garden provides a beautiful landscape with a relaxing spot for walking, jogging or admiring gorgeous flowers with various species. 

![https://i.postimg.cc/rs6TcJPF/Pupha-Mahanatee-Garden2.jpg](https://i.postimg.cc/rs6TcJPF/Pupha-Mahanatee-Garden2.jpg)

![https://i.postimg.cc/tRhQWFcR/Pupha-Mahanatee-Garden1.jpg](https://i.postimg.cc/tRhQWFcR/Pupha-Mahanatee-Garden1.jpg)

![https://i.postimg.cc/5N0gbV8B/Pupha-Mahanatee-Garden5.jpg](https://i.postimg.cc/5N0gbV8B/Pupha-Mahanatee-Garden5.jpg)

![https://i.postimg.cc/j54cdq8y/Pupha-Mahanatee-Garden26.jpg](https://i.postimg.cc/j54cdq8y/Pupha-Mahanatee-Garden26.jpg)

![https://i.postimg.cc/GpQT4B1N/Pupha-Mahanatee-Garden25.jpg](https://i.postimg.cc/GpQT4B1N/Pupha-Mahanatee-Garden25.jpg)

![https://i.postimg.cc/Y900jbRX/Pupha-Mahanatee-Garden22.jpg](https://i.postimg.cc/Y900jbRX/Pupha-Mahanatee-Garden22.jpg)

![https://i.postimg.cc/26gWDsY5/Pupha-Mahanatee-Garden15.jpg](https://i.postimg.cc/26gWDsY5/Pupha-Mahanatee-Garden15.jpg)

![https://i.postimg.cc/3xrdP8GX/Pupha-Mahanatee-Garden6.jpg](https://i.postimg.cc/3xrdP8GX/Pupha-Mahanatee-Garden6.jpg)

![https://i.postimg.cc/SNdKLBPs/Pupha-Mahanatee-Garden7.jpg](https://i.postimg.cc/SNdKLBPs/Pupha-Mahanatee-Garden7.jpg)

![https://i.postimg.cc/Fzm93pg8/Pupha-Mahanatee-Garden8.jpg](https://i.postimg.cc/Fzm93pg8/Pupha-Mahanatee-Garden8.jpg)

![https://i.postimg.cc/V6P1PgTY/Pupha-Mahanatee-Garden9.jpg](https://i.postimg.cc/V6P1PgTY/Pupha-Mahanatee-Garden9.jpg)

![https://i.postimg.cc/NjywyZvs/Pupha-Mahanatee-Garden10.jpg](https://i.postimg.cc/NjywyZvs/Pupha-Mahanatee-Garden10.jpg)

![https://i.postimg.cc/HnSfn9Sz/Pupha-Mahanatee-Garden11.jpg](https://i.postimg.cc/HnSfn9Sz/Pupha-Mahanatee-Garden11.jpg)

![https://i.postimg.cc/MGWb3JZX/Pupha-Mahanatee-Garden13.jpg](https://i.postimg.cc/MGWb3JZX/Pupha-Mahanatee-Garden13.jpg)

![https://i.postimg.cc/15wjLPSt/Pupha-Mahanatee-Garden14.jpg](https://i.postimg.cc/15wjLPSt/Pupha-Mahanatee-Garden14.jpg)

Besides, the whole area of the Pupha Mahanatee Garden is refreshing with wonderful ponds, stunning huge stones and attractive fountains. 

![https://i.postimg.cc/0j3chWWd/Pupha-Mahanatee-Garden33.jpg](https://i.postimg.cc/0j3chWWd/Pupha-Mahanatee-Garden33.jpg)

![https://i.postimg.cc/FFJWLmYN/Pupha-Mahanatee-Garden30.jpg](https://i.postimg.cc/FFJWLmYN/Pupha-Mahanatee-Garden30.jpg)

![https://i.postimg.cc/Twk65x1r/Pupha-Mahanatee-Garden31.jpg](https://i.postimg.cc/Twk65x1r/Pupha-Mahanatee-Garden31.jpg)

![https://i.postimg.cc/3xrFnHJb/Pupha-Mahanatee-Garden34.jpg](https://i.postimg.cc/3xrFnHJb/Pupha-Mahanatee-Garden34.jpg)

![https://i.postimg.cc/FzQjSM6K/Pupha-Mahanatee-Garden36.jpg](https://i.postimg.cc/FzQjSM6K/Pupha-Mahanatee-Garden36.jpg)

![https://i.postimg.cc/NFYHF1yM/Pupha-Mahanatee-Garden17.jpg](https://i.postimg.cc/NFYHF1yM/Pupha-Mahanatee-Garden17.jpg)

![https://i.postimg.cc/x8tcdBDy/Pupha-Mahanatee-Garden16.jpg](https://i.postimg.cc/x8tcdBDy/Pupha-Mahanatee-Garden16.jpg)

![https://i.postimg.cc/rpwcVzyJ/Pupha-Mahanatee-Garden28.jpg](https://i.postimg.cc/rpwcVzyJ/Pupha-Mahanatee-Garden28.jpg)

![https://i.postimg.cc/K89w5fFN/Pupha-Mahanatee-Garden21.jpg](https://i.postimg.cc/K89w5fFN/Pupha-Mahanatee-Garden21.jpg)

![https://i.postimg.cc/85cQLYqN/Pupha-Mahanatee-Garden18.jpg](https://i.postimg.cc/85cQLYqN/Pupha-Mahanatee-Garden18.jpg)

![https://i.postimg.cc/B62mRB9S/Pupha-Mahanatee-Garden20.jpg](https://i.postimg.cc/B62mRB9S/Pupha-Mahanatee-Garden20.jpg)

[Video](https://www.youtube.com/shorts/8vbg_jw6yzM)

The garden with the tall buildings in the far distance as a background creates a picturesque view as well.

![https://i.postimg.cc/cHWRtqjk/Pupha-Mahanatee-Garden3.jpg](https://i.postimg.cc/cHWRtqjk/Pupha-Mahanatee-Garden3.jpg)

![https://i.postimg.cc/fyrSK124/Pupha-Mahanatee-Garden4.jpg](https://i.postimg.cc/fyrSK124/Pupha-Mahanatee-Garden4.jpg)

![https://i.postimg.cc/q74q8kJq/Pupha-Mahanatee-Garden27.jpg](https://i.postimg.cc/q74q8kJq/Pupha-Mahanatee-Garden27.jpg)

![https://i.postimg.cc/rwCFyv1m/Pupha-Mahanatee-Garden29.jpg](https://i.postimg.cc/rwCFyv1m/Pupha-Mahanatee-Garden29.jpg)

![https://i.postimg.cc/bwTDVGFF/Pupha-Mahanatee-Garden32.jpg](https://i.postimg.cc/bwTDVGFF/Pupha-Mahanatee-Garden32.jpg)

The atmosphere at the Pupha Mahanatee Garden is nice and serene.  It’s special for nature lovers, especially me.','Queen Sirikit Park has a very large area which is divided into many sections. One of the interesting sections is “Pupha Mahanatee Garden”. (Pupha means mountain or hill, Mahanatee means river or lake or pond) Pupha Mahanatee Garden provides a beautiful landscape with a relaxing spot for walking, jogging or admiring gorgeous flowers with various species. Besides, the whole area of the Pupha Mahanatee Garden is refreshing with wonderful ponds, stunning huge stones and attractive fountains. https://www.youtube.com/shorts/8vbg_jw6yzM The garden with the tall buildings in the far distance as a background creates a picturesque view as well. The atmosphere at the','https://steemitimages.com/640x0/https://i.postimg.cc/85cQLYqN/Pupha-Mahanatee-Garden18.jpg','nature','#nature','2026-02-15 17:00:39',18,'$7.20',NULL),
 (171,'maxinpower','do-you-know-inari-kennt-ihr-schon-inari-aizu-impressions-wonderful-japan-eng-ger','https://cdn.steemitimages.com/DQme4mY4h69sYTifx8yJUBssAawL51XAZ4mByXZ8EucsgES/063sensouji%20(5).jpg',74,'Do you know Inari =/= Kennt ihr schon Inari? - Aizu Impressions 👹🍣🎎 Wonderful Japan ENG-GER','![IMG_3094.JPG](https://files.peakd.com/file/peakd-hive/maxinpower/23tbwZHuQ77ZMHD3yvkwVJGN3omaxw2d73TXhhCaiFS87eQS5w4buxmUAHnbcM7srLTHa.JPG)
</b>


Once again, I look back on one of our recent trips, and once again we are in the Aizu region. Every time we visit, we go to Tsuruga Castle, where we walk a long round through the castle grounds. Although we have been here many times before, there is always something new to discover, and some details attract me again each time.

For example, there is as small shrine that stands directly on the castle wall, and which is guarded by two stone figures. These are two statues depicting the Japanese deity Inari Ōkami, who represents rice, fertility, and prosperity and is also revered as a patron saint. 

Such fox figures are typically found at Inari shrines and are considered mediators between the spiritual world and humans. The statues here are dressed in red fabric, which is traditionally considered a protective color and is often used as an offering or a sign of worship. The large straw hat on their heads is probably more of a seasonal or ritual decoration, and may have been added as protection against ice and snow.

Inari shrines always feature two fox figures, which together act as sacred messengers of the deity Inari. At first glance, they appear very similar, but there are a few differences between them that symbolize their respective roles. One of the foxes sometimes holds a key in its mouth, which opens the deity''s rice storehouse and thus represents prosperity and food security. The other often carries a jewel or a scroll, which embodies spiritual wisdom or the fulfillment of wishes. They form a harmonious pair that guards and balances both the material and spiritual sides of the place.

I have passed many Inari shrines, and somehow they always draw me back. I will probably continue to stop at such places in the future and will certainly take a few photos. I might share them here in another post...

![IMG_3091.JPG](https://files.peakd.com/file/peakd-hive/maxinpower/23ynSjatMo6HPwCDd43ZxKv9kZe9v8GffrXysyf9ggpzPWJk8QRJskj2Z67yHy8uqyfpx.JPG)
</b>

DEUTSCH


Und wieder schaue ich zurück auf einen unserer letzten Trips und wieder sind wir in der Aizu-Region. Dort besuchen wir jedes Mal die Burg Tsuruga-jo, wo wir eine große Runde durch die Burganlage drehen. Obwohl wir schon des Öfteren hier waren, gibt es immer wieder etwas zu entdecken, und einige Details ziehen mich jedes Mal von Neuem an.

So wie zum Beispiel der kleine Schrein, der direkt auf der Burgmauer steht, und vor dem zwei steinerne Figuren wachen halten. Es handelt sich um zwei Statuen, die die japanischen Gottheit Inari Ōkami zeigen, Diese steht für Reis, Fruchtbarkeit, Wohlstand und wird auch als Schutzheilige verehrt. 

Solche Fuchsfiguren stehen typischerweise an Inari‑Schreinen und gelten als Vermittler zwischen der spirituellen Welt und den Menschen. Die Statuen hier tragen roten Stoff, der traditionell als Schutzfarbe gilt und häufig als Opfergabe oder als Zeichen der Verehrung angebracht wird. Der große Strohhut auf dem Kopf ist wohl eher saisonaler oder ritueller Schmuck, und möglicherweise als Schutz vor Eis und Schnee angebracht.

An Inari‑Schreinen stehen immer zwei Fuchsfiguren, die gemeinsam als heilige Boten der Gottheit Inari fungieren. Sie wirken auf den ersten Blick sehr ähnlich, haben aber doch einige Unterschiede, die ihre jeweilige Rolle symbolisieren sollen. Einer der Füchse hält manchmal einen Schlüssel im Maul, der das Reislager der Gottheit öffnet und damit Wohlstand und Nahrungssicherheit repräsentiert. Der andere trägt häufig ein Juwel oder eine Schriftrolle, die spirituelle Weisheit, göttliche Botschaften oder die Erfüllung von Wünschen verkörpert. Sie bilden ein harmonisches Paar, das sowohl die materielle als auch die spirituelle Seite des Inari‑Glaubens bewacht und ausbalanciert.

Ich bin schon an vielen Inari-Schreinen vorbeigekommen, und irgendwie ziehen sie mich auch immer wieder an. Und auch in Zukunft werde ich wohl des Öfteren an solchen Orten stoppen und mit Sicherheit auch ein paar Fotos machen. Dieses gibt es dann vielleicht in einen weiteren Beitrag hier zu sehen...


![blog-ende.png](https://files.peakd.com/file/peakd-hive/maxinpower/23tv6H18WKn98nBVkn2MwVhwWsuFRFgjBGwxLEMVhRZD7zRRbFokaNiAn39fUaB3TxVX6.png)','Once again, I look back on one of our recent trips, and once again we are in the Aizu region. Every time we visit, we go to Tsuruga Castle, where we walk a long round through the castle grounds. Although we have been here many times before, there is always something new to discover, and some details attract me again each time. For example, there is as small shrine that stands directly on the castle wall, and which is guarded by two stone figures. These are two statues depicting the Japanese deity Inari Ōkami, who represents rice, fertility, and prosperity','https://files.peakd.com/file/peakd-hive/maxinpower/23tbwZHuQ77ZMHD3yvkwVJGN3omaxw2d73TXhhCaiFS87eQS5w4buxmUAHnbcM7srLTHa.JPG','hive-161179','Steem Japan','2026-02-16 12:45:03',29,'$11.60',NULL),
 (172,'evildeathcore','slobodischa','https://pp.userapi.com/c310416/v310416366/bd5/qTQIEs9PyAs.jpg',72,'Slobodischa','The village of Slobodischa is located in the Gryazovetsky district of the Vologda region. A car is so rare here that I woke up the locals. Two men were waiting for me with headlamps, and then they were surprised when I said I was just taking pictures.
![image.png](https://i.imgur.com/abdSOLP.jpeg)

They have every car in the account. Although I would have "given myself away" without a car: the crunch from the snow was such that you could probably hear it from a kilometer away.
![image.png](https://i.imgur.com/2scxnbi.jpeg)

In fact, they are so vigilant here because of the fugitive criminals from the nearby Gryazovets prison.
![image.png](https://i.imgur.com/7lxUSVp.jpeg)

They say that recently I was hiding alone in this village, they thought that I was walking with a thermal imager. 
![image.png](https://i.imgur.com/U09Gpdd.jpeg)

These are small things compared to the fact that once in one of the yards of Vologda my tripod was mistaken for a gun...
![image.png](https://i.imgur.com/AIoeE8O.jpeg)

Overall, the village is a dead end...There is no further way.
![image.png](https://i.imgur.com/JVhUiOt.jpeg)

I''ve found what I''ve been looking for for so long: a frosty, snow-covered ancient village.
![image.png](https://i.imgur.com/qurrsKL.jpeg)

This winter, I want to shoot as many of these subjects as possible.
![image.png](https://i.imgur.com/nrhNAVO.jpeg)

The village is very cozy. I was here once in the summer when I was looking for a way to Nikolsky Lake.
![image.png](https://i.imgur.com/MtuY4O7.jpeg)

But I didn''t remember the views of this place from the car window, and I didn''t take any photos then.
![image.png](https://i.imgur.com/wGxCDnQ.jpeg)

I''m sure it''s even more atmospheric here in summer.
![image.png](https://i.imgur.com/1pQvSrG.jpeg)

Although the village seems dead at night.
![image.png](https://i.imgur.com/NEe81nc.jpeg)

Only the lanterns and the light in the windows remind us that someone else lives here.','The village of Slobodischa is located in the Gryazovetsky district of the Vologda region. A car is so rare here that I woke up the locals. Two men were waiting for me with headlamps, and then they were surprised when I said I was just taking pictures. They have every car in the account. Although I would have "given myself away" without a car: the crunch from the snow was such that you could probably hear it from a kilometer away. In fact, they are so vigilant here because of the fugitive criminals from the nearby Gryazovets prison. They say','https://i.imgur.com/abdSOLP.jpeg','hive-109690','CCS','2026-02-17 16:17:57',48,'$19.20',NULL),
 (173,'kgakakillerg','a-day-out-in-the-city-of-london-covent-garden-big-ben-buckingham-palace-white-hall-and-more-october-2025-part-19','https://cdn.steemitimages.com/DQmRSVqBGbG8KnfEmttjfMfWagRPNh6r1rCxK8hZgweC13u/InShot_20180824_112053760.jpg',76,'A Day Out In The City Of London Covent garden Big Ben Buckingham Palace White Hall And More October 2025 part 19','![kgakakillerg original content](https://img.blurt.world/blurtimage/kgakakillerg/557829fc270f15807c50bb54386cfc36d0f87ba5.jpg)


Hello friend''s family followers stars good morning good afternoon good evening where ever you around the world 🌍 🌍 🌍 🌍 🌍 🌍 🌍 



Here''s some beautiful photos I captured back in October 2025 whilst we were showing some family around London 

We had such a great time and we went to so many different places 




I hope you enjoy all the photos I''ve shared in this part but if you missed out on any of the previous parts check them out whenever you get a chance 


![kgakakillerg original content](https://img.blurt.world/blurtimage/kgakakillerg/9ef9642354d201954bff987cb6eb55fcc09f8c93.jpg)

![kgakakillerg original content](https://img.blurt.world/blurtimage/kgakakillerg/35ac8a3b11ea29b6f1bf0ac78e5487a77119e8cc.jpg)

![kgakakillerg original content](https://img.blurt.world/blurtimage/kgakakillerg/5491fe19a4c74903da4dd2e23b7f264293b43e1c.jpg)

![kgakakillerg original content](https://img.blurt.world/blurtimage/kgakakillerg/056d09eb4645239bade5fa4db0515968e6f9fe4a.jpg)

![kgakakillerg original content](https://img.blurt.world/blurtimage/kgakakillerg/bc12e3120ce409667db521e96571c51106b6efb0.jpg)

![kgakakillerg original content](https://img.blurt.world/blurtimage/kgakakillerg/6fb0bb7df7b5722e321454d022a93d490d07a762.jpg)

![kgakakillerg original content](https://img.blurt.world/blurtimage/kgakakillerg/9894cc9270db27479f185da52b1a060e9a68957a.jpg)

![kgakakillerg original content](https://img.blurt.world/blurtimage/kgakakillerg/d022787c6fe21be6eeb8fb57af7d8e6f5407394d.jpg)


Missed the last part 

[A Day Out In The City Of London Covent garden Big Ben Buckingham Palace White Hall And More October 2025 part 18](https://hive.blog/hive-108278/@kgakakillerg/a-day-out-in-the-city-of-london-covent-garden-big-ben-buckingham-palace-white-hall-and-more-october-2025-part-18)
[Link](https://hive.blog/hive-148441/@kgakakillerg/a-trip-to-clacton-on-sea-april-2024-part-5)


[📊 The Untrending Report - Hive Downvote Analysis - 2025-09-07](https://hive.blog/hive/@ureka.stats/the-untrending-report-hive-downvote-analysis-2025-09-07-20250907013710)

[RE: Understanding Pointers in C Programming](https://hive.blog/programming/@makerhacks/re-kgakakillerg-t27r76)


[Link](https://hive.blog/hive/@ureka.stats/the-untrending-report-hive-downvote-analysis-16-09-2025-20250916181314)

[Link](https://hive.blog/hive-124838/@oldsoulnewb/re-kgakakillerg-t2vylt) 😂

[RE: HIVE THRIVE— Show #27 —Guest: @eddiespino](https://hive.blog/hive-170475/@acidyo/re-kgakakillerg-t32tvf)


[Please Peakd, allow me to completely block spammers (Would you ever vote for this?)](https://hive.blog/hivedev/@makerhacks/please-peakd-allow-me-to-completely-block-spammers-would-you-ever-vote-for-this) thanks for exposing yourself more

[Link](https://hive.blog/hive-108278/@kgakakillerg/t3hofp)

[Link](https://hive.blog/hive/@ureka.stats/the-untrending-report-hive-downvote-analysis-29-09-2025-20250929172045)


[Link](https://hive.blog/hive/@kgakakillerg/t3ho4g)

[Link](https://hive.blog/hive-108278/@kgakakillerg/hive-is-done)

[Link](https://hive.blog/hive-167547/@themarkymark/new-hive-analytics-reports-proposals-downvotes-9ag)


[Link](https://steemit.com/hive-156383/@kgakakillerg/hive-is-done-part-2)


[Link](https://hive.blog/hive-108278/@kgakakillerg/hive-is-done-3)

[Link](https://hive.blog/hive-108278/@kgakakillerg/hurtlocker-and-friends)

[Link](https://hive.blog/hive-108278/@kgakakillerg/hive-is-done-4)


[Link](https://hive.blog/hive-164166/@oldsoulnewb/re-kgakakillerg-t79fo0)

[Link](https://hive.blog/hive-108278/@kgakakillerg/it-s-over-themarkymark-and-acidyo)

[Link](https://steemit.com/hive-156383/@kgakakillerg/hurtlocker-acidyo-themarkymark-and-the-rest-of-you-downvoting-farmers-it-s-over)


Thank you so much for reading and viewing this post I hope you liked this post 

If you did like this post why not check out my other posts like this 

Like comment share follow me on Instagram and X twitter and subscribe to my YouTube channel @kgakakillerg 

💯 Original content feel free to message me on Instagram where we can speak freely in private ✌🏾👊🏾🌍🌍🌍🌍🙏🏾','Hello friend''s family followers stars good morning good afternoon good evening where ever you around the world 🌍 🌍 🌍 🌍 🌍 🌍 🌍 Here''s some beautiful photos I captured back in October 2025 whilst we were showing some family around London We had such a great time and we went to so many different places I hope you enjoy all the photos I''ve shared in this part but if you missed out on any of the previous parts check them out whenever you get a chance Missed the last part A Day Out In The City Of London Covent','https://img.blurt.world/blurtimage/kgakakillerg/557829fc270f15807c50bb54386cfc36d0f87ba5.jpg','hive-188972','Traveling Steem','2026-02-17 13:03:42',8,'$3.20',NULL),
 (174,'purediamondtours','history-and-culture-of-south-africa','https://cdn.steemitimages.com/DQmaiz66CUaXcsLJvvV57HMaJP4m1dznqTyyf6V6nhKXh9i/123.png',35,'History and Culture of South Africa','Experience South Africa''s vibrant history and culture at Lesedi Cultural Village with Pure Diamond Tours. Immerse yourself in diverse traditions with guided tours. Book now for an unforgettable cultural adventure or visit us at our website https://purediamondtours.com/tour/lesedi-cultural-village/ to get in touch with us!','Experience South Africa''s vibrant history and culture at Lesedi Cultural Village with Pure Diamond Tours. Immerse yourself in diverse traditions with guided tours. Book now for an unforgettable cultural adventure or visit us at our website https://purediamondtours.com/tour/lesedi-cultural-village/ to get in touch with us!','','safari','#safari','2026-02-17 19:13:33',1,'$0.40',NULL),
 (175,'pookamanii','book-cheap-flights-in-nigeria-the-complete-2025-guide','https://www.gravatar.com/avatar/00000000000000000000000000000000?d=mp&f=y&s=128',35,'Book Cheap Flights in Nigeria: The Complete 2025 Guide','# Book Cheap Flights in Nigeria: The Complete 2025 Guide

Whether you''re flying from Lagos to Abuja for business, heading home to Port Harcourt for the holidays, or planning an international trip, finding an affordable ticket can feel overwhelming. Fares fluctuate constantly, airlines have different pricing structures, and knowing *when* and *where* to book makes all the difference.

This guide breaks down everything you need to know to book cheap flights in Nigeria — covering domestic routes, international options, the best booking platforms, fare tips, and the airlines currently operating in the country.

---

## Understanding Nigeria''s Aviation Landscape

Nigeria has one of the busiest aviation markets in Africa, driven by a population of over 200 million and limited rail infrastructure. For millions of Nigerians, flying is the fastest and increasingly the preferred way to travel between cities.

The main international airports serving Nigeria are:

- **Murtala Muhammed International Airport (LOS)** — Lagos
- **Nnamdi Azikiwe International Airport (ABV)** — Abuja
- **Port Harcourt International Airport (PHC)** — Rivers State
- **Mallam Aminu Kano International Airport (KAN)** — Kano
- **Akanu Ibiam International Airport (ENU)** — Enugu

---

## Major Domestic Airlines in Nigeria (2025)

Several airlines currently operate domestic routes within Nigeria. Here is a comparison of the key players:

| Airline | Key Hub | Popular Routes | Booking Website |
| --- | --- | --- | --- |
| Air Peace | Lagos (LOS) | Lagos–Abuja, Lagos–PH, Lagos–Enugu | flyairpeace.com |
| Arik Air | Lagos (LOS) | Lagos–Abuja, Lagos–Kano, Lagos–PH | arikair.com |
| United Nigeria Airlines | Enugu (ENU) | Lagos–Enugu, Abuja–Owerri, Abuja–Asaba | unitednigeria.com |
| Ibom Air | Uyo (QUO) | Lagos–Uyo, Abuja–Uyo | ibomair.com |
| Aero Contractors | Lagos (LOS) | Lagos–Abuja, Lagos–Asaba | flyaero.com |
| Green Africa Airways | Lagos (LOS) | Lagos–Abuja, Lagos–Kano | greenafricaairways.com |

> **Pro tip:** Always check multiple airline websites before booking. Prices on the same route can vary by ₦20,000–₦80,000 depending on the carrier and how early you book.

---

## Typical Domestic Flight Prices in Nigeria

Domestic airfares in Nigeria are highly dynamic. Prices depend on the route, time of year, and how early you book. Below is a realistic fare guide based on current market conditions:

| Route | Off-Peak Fare (One-Way) | Peak Season Fare (One-Way) | Flight Duration |
| --- | --- | --- | --- |
| Lagos → Abuja | ₦70,000 – ₦120,000 | ₦150,000 – ₦250,000 | ~1 hour |
| Lagos → Port Harcourt | ₦80,000 – ₦140,000 | ₦150,000 – ₦191,000 | ~1 hour |
| Lagos → Enugu | ₦90,000 – ₦150,000 | ₦200,000 – ₦350,000 | ~1h 15m |
| Lagos → Uyo | ₦100,000 – ₦160,000 | ₦190,000 – ₦280,000 | ~1h 20m |
| Lagos → Kano | ₦80,000 – ₦130,000 | ₦130,000 – ₦200,000 | ~1h 30m |
| Abuja → Owerri | ₦100,000 – ₦150,000 | ₦250,000 – ₦350,000 | ~1h 10m |

*Prices shown are estimates based on publicly available airline data as of 2025. Always verify on the airline''s official website before booking.*

---

## When Are Flights Most Expensive in Nigeria?

Timing is one of the most powerful factors in flight pricing. Nigerian airlines follow demand-based pricing, meaning tickets cost significantly more during busy travel periods.

### Peak Travel Periods (Highest Prices)

- **Christmas and New Year (December–January):** The most expensive period of the year. Return tickets on South-East routes can reach ₦700,000–₦800,000.
- **Easter Holidays:** Demand spikes across all major domestic routes.
- **August:** School resumption and summer travel create a secondary peak.
- **Public Holidays:** Long weekends always drive up last-minute fares.

### Cheapest Periods to Fly

- January–March (post-holiday lull)
- May–June (before the August rush)
- October–November (after summer, before Christmas)

Midweek flights — particularly **Tuesday and Wednesday** departures — are also typically cheaper than weekend travel.

---

## Best Booking Platforms for Cheap Flights in Nigeria

You have two main options: booking directly with the airline, or using a third-party comparison platform.

### Option 1: Book Directly With the Airline

For domestic flights, booking directly on an airline''s official website usually gives you the best pricing, easiest modifications, and direct customer support.

- **[Air Peace](https://www.flyairpeace.com)** — Nigeria''s largest airline, widest domestic and international network *(Link 1)*
- **Arik Air** — Extensive routes including Lagos, Abuja, and select international destinations
- **United Nigeria Airlines** — Strong on South-East routes

### Option 2: Use a Flight Comparison Site

For international flights departing Nigeria, comparison platforms are extremely useful. They scan hundreds of airlines at once and surface the cheapest available dates.

- **[Google Flights](https://flights.google.com)** — Best for price tracking and flexible date searches 
- **[Skyscanner](https://www.skyscanner.com)** — Great for finding the cheapest month to fly internationally 
- **Wakanow** — Nigeria-focused OTA, supports Naira payment
- **Travelstart Nigeria** — Compares both domestic and international fares
- **[Tbils](https://www.tbils.com)** — Great for finding the cheapest month to fly internationally 



---

## International Flights From Nigeria: What to Expect

For travelers flying out of Nigeria internationally, route options have expanded significantly. Air Peace now operates direct flights to London Gatwick and Heathrow, making it the first Nigerian carrier to offer non-stop UK services from Lagos.

### Popular International Routes From Nigeria

| Route | Airlines | Stops | Approx. Fare (Economy) |
| --- | --- | --- | --- |
| Lagos → London | Air Peace, British Airways, Virgin Atlantic | Direct (Air Peace) / 1 Stop (others) | ₦900,000 – ₦1,500,000 |
| Lagos → Dubai | Emirates, Air Peace | Direct | ₦600,000 – ₦1,200,000 |
| Lagos → Accra | Air Peace, Africa World Airlines | Direct | ₦180,000 – ₦350,000 |
| Lagos → Johannesburg | Air Peace, South African Airways | Direct / 1 Stop | ₦500,000 – ₦900,000 |
| Abuja → Istanbul | Turkish Airlines | Direct | ₦700,000 – ₦1,100,000 |

> **Note:** International fares are heavily influenced by exchange rate fluctuations. Since aviation fuel and leasing costs are largely dollar-denominated, any weakening of the naira can quickly push fares upward.

---

## 10 Proven Tips to Book Cheap Flights in Nigeria

1. **Book early — especially for peak seasons.** For Christmas travel, book 8–12 weeks in advance. For regular travel, 3–4 weeks is usually sufficient.

2. **Be flexible with your travel dates.** Flying a day earlier or later can save you tens of thousands of naira. Use Google Flights'' calendar view to spot the cheapest dates.

3. **Set price alerts.** Google Flights and Skyscanner let you track a specific route and alert you when prices drop — particularly useful for international bookings.

4. **Avoid peak travel windows.** The Christmas–New Year period and Easter holidays bring the steepest fare hikes. Travel just before or after the peak window if your schedule allows.

5. **Compare airlines for the same route.** On popular routes like Lagos–Abuja, multiple airlines compete directly. Checking two or three sites before booking can uncover meaningful savings.

6. **Consider nearby airports.** For some international routes, flying out of Abuja instead of Lagos (or vice versa) can open up different carriers and fare levels.

7. **Fly midweek.** Tuesday and Wednesday flights are consistently cheaper than weekend departures across most routes.

8. **Travel light where possible.** Extra baggage fees can significantly inflate what looks like a cheap base fare. Always check the allowance before booking.

9. **Watch for airline promotions.** Air Peace and other carriers run promotional fares when launching new routes or stimulating off-peak demand. Follow airlines on social media or subscribe to their newsletters.

10. **Compare round trips vs. two one-ways.** On some routes, a round-trip ticket is cheaper than two separate one-way fares. Always compare both options.

---

## Why Are Domestic Flights in Nigeria So Expensive?

A common frustration is the high cost of domestic air travel relative to average incomes. Several structural factors drive this:

**Aviation fuel costs:** Jet fuel (Jet A1) in Nigeria is largely imported and priced in US dollars. As the naira weakens, airlines face higher operating costs passed directly to passengers.

**Aircraft shortages:** Nigeria currently has 123 registered aircraft, of which 79 are grounded — a grounding rate of 64.2%. With fewer active aircraft, capacity falls short of demand, pushing prices upward.

**Spare parts and maintenance:** Importing aircraft parts is costly and time-consuming, leading to prolonged groundings and reduced fleet size.

**Operational costs:** Airport charges, ground handling fees, and other costs have risen sharply in recent years.

---

## Baggage Allowance: What You Need to Know

Going over your allowance can add unexpected costs. Here is a general guide:

| Airline | Domestic Check-in | Cabin Baggage | International Check-in |
| --- | --- | --- | --- |
| Air Peace | 20 kg | 6 kg | 2 pieces × 23 kg (Economy) |
| Arik Air | 20 kg | 7 kg | Varies by route |
| United Nigeria Airlines | 20 kg | 7 kg | N/A (domestic only) |
| Ibom Air | 20 kg | 7 kg | N/A (domestic only) |

*Always verify the baggage policy with your airline at the time of booking, as these can change.*

---

## Check-In Tips for Nigerian Airports

- **Domestic flights:** Arrive at least **2 hours** before departure. Counter check-in typically closes 1 hour before departure.
- **International flights:** Arrive at least **3–4 hours** before departure to allow time for check-in, security, and immigration.
- **Online check-in:** Most major airlines, including Air Peace, offer online check-in from 24 hours before departure.
- **Terminal awareness:** At Murtala Muhammed Airport in Lagos, always check your ticket for the correct terminal — Air Peace operates from both MM1 and MM2 depending on the route.

---

## Final Thoughts

Booking cheap flights in Nigeria requires a combination of timing, flexibility, and knowing where to look. The most reliable way to save money is to **book early**, **avoid peak travel periods**, and **compare fares** across multiple airlines or platforms before committing.

For domestic travel, go directly to airline websites for the best fares and support. For international travel, use comparison tools like [Google Flights](https://flights.google.com) and [Tbils](https://www.tbils.com)  to track prices over time.

As Nigeria''s aviation sector continues to evolve — with Air Peace expanding internationally and new carriers entering the market — there are real opportunities for travelers who stay informed and plan ahead.

**Safe travels. ✈️**

---

*All fares mentioned in this article are estimates based on publicly available industry data. Prices are subject to change. Always verify current fares on your preferred airline or booking platform before purchasing.*','Book Cheap Flights in Nigeria: The Complete 2025 Guide Whether you''re flying from Lagos to Abuja for business, heading home to Port Harcourt for the holidays, or planning an international trip, finding an affordable ticket can feel overwhelming. Fares fluctuate constantly, airlines have different pricing structures, and knowing when and where to book makes all the difference. This guide breaks down everything you need to know to book cheap flights in Nigeria — covering domestic routes, international options, the best booking platforms, fare tips, and the airlines currently operating in the country. Understanding Nigeria''s Aviation Landscape Nigeria has one of','','cryptopay','#cryptopay','2026-02-17 10:20:06',3,'$1.20',NULL),
 (176,'live.log','get-ready-to-groove-barranquilla-crowned-worlds-most-creative-city-1771015571','https://cdn.steemitimages.com/DQmaJzZcFNFEgDkT2bVJgHNc4yABkzNVhvw94TngcK3Yk5x/Screenshot_20191115-123022_Instagram.jpg',71,'Get Ready to Groove! Barranquilla Crowned World''s Most Creative City!','Guess what, culture lovers and adventure seekers? We''ve got some *seriously* exciting news from the sun-drenched shores of Colombia! If you haven''t heard, Barranquilla, the vibrant heart of the Colombian Caribbean, just snatched a HUGE title: **"World''s Best Creative Destination"** by The Global Creative Destination Awards! Talk about a mic drop!

Now, you might be thinking, "Creative Destination? What does that even mean?" Well, my friends, in Barranquilla, creativity isn''t just a buzzword; it''s the very heartbeat of the city! It''s in the rhythm of their music, the swirl of their dances, the colors of their art, and the boundless energy of their people. This city isn''t just thinking outside the box; it''s dancing around it, painting it neon, and inviting everyone to join the party!

[SOURCE](https://colombiaone.com/wp-content/uploads/2026/02/barranquilla-colombia-credit-jdvillalobos-CC-BY-SA-4.0-wikimedia-commons.jpg)

Think about it: where else can you find a carnival so epic, so wild, so absolutely unforgettable that UNESCO declared it a Masterpiece of the Oral and Intangible Heritage of Humanity? Yep, the Barranquilla Carnival is not just a party; it''s a four-day explosion of artistic expression, storytelling, and pure, unadulterated joy that takes over the entire city. It’s a living, breathing testament to their creative spirit!

But it''s not just about Carnival. Barranquilla is a constant hub of innovation. The city is buzzing with artists, musicians, writers, and dancers who are constantly pushing boundaries. They''re building new, incredible public spaces, like the Gran Malecón, which isn''t just a beautiful waterfront promenade; it’s a stage, an art gallery, a community hub – a place where new ideas bloom and old traditions find fresh expression.

This award isn''t just a fancy plaque; it''s a shout-out to Barranquilla''s dedication to sustainable tourism, its warm hospitality, and its mouth-watering gastronomy (seriously, the food alone is a creative masterpiece!). It''s a recognition of a city that isn''t afraid to innovate, to celebrate its roots, and to welcome the world with open arms and a whole lot of sabor!

So, if you''re looking for a destination that will spark your imagination, make your feet tap, and fill your soul with vibrant energy, Barranquilla should be at the very top of your list. Go experience the magic for yourself – you won''t regret it!

---
Original article inspiration: [https://colombiaone.com/2026/02/13/barranquilla-world-best-creative-destination/](https://colombiaone.com/2026/02/13/barranquilla-world-best-creative-destination/)','Guess what, culture lovers and adventure seekers? We''ve got some seriously exciting news from the sun-drenched shores of Colombia! If you haven''t heard, Barranquilla, the vibrant heart of the Colombian Caribbean, just snatched a HUGE title: "World''s Best Creative Destination" by The Global Creative Destination Awards! Talk about a mic drop! Now, you might be thinking, "Creative Destination? What does that even mean?" Well, my friends, in Barranquilla, creativity isn''t just a buzzword; it''s the very heartbeat of the city! It''s in the rhythm of their music, the swirl of their dances, the colors of their art, and the boundless','','travel','#travel','2026-02-14 02:46:12',152,'$60.80',NULL),
 (177,'maxinpower','let-s-visit-oyama-shrine-wonderful-japan','https://cdn.steemitimages.com/DQme4mY4h69sYTifx8yJUBssAawL51XAZ4mByXZ8EucsgES/063sensouji%20(5).jpg',74,'Let''s visit Oyama Shrine 尾山神社 👹🍣🎎 Wonderful Japan','![IMG_4694.JPG](https://files.peakd.com/file/peakd-hive/maxinpower/Eou9CMGBCWNa31a7eC1Wj3GryN9ohTKyws1M8ftExD3MdGdeuz1so2cV1D1jUGYudTD.JPG)
</b>

There are many reasons to stay a little longer in Japan. One is the food, which I have already reported on many times here, and another is the country''s impressive variety of landscapes. From expansive coastlines to majestic mountains to endless forests and vast rice fields, each season has its own unique charm. And last but not least, there are the numerous temples and shrines that can be found in every corner of the country.

And it is precisely these spiritual places that I find particularly appealing. Even though I am not religious myself, I cannot escape the quiet, almost tangible atmosphere that surrounds you there. And it is probably this subtle, mystical aura that tempts me time and again on my travels and excursions to visit temples and shrines that I don''t yet know. And often enough, I find myself returning a second time, and in some cases even again and again.

So it came to pass that during our last visit to Kanazawa, I decided to plan our trip so that we could visit a shrine that I had already seen on a previous occasion.

Kanazawa itself is a really interesting city and definitely worth a visit. Located on the west coast of Japan in Ishikawa Prefecture, it was once the seat of the powerful Maeda clan. Over the centuries, they developed the city into a cultural center that rivaled even Kyoto. Kanazawa was once the center of the surrounding Kaga region, which during the Edo period was one of the richest principalities in the country. 

Luck, coincidence, and cleverness guided the city through the changing times without major destruction, allowing it to survive even the Boshin War and World War II without significant damage. Today, you will encounter a rare blend of samurai culture, craftsmanship, and Japanese elegance.

And there, in the city center, stands the Oyama Shrine, from where I brought back today''s pictures.


![IMG_4690.JPG](https://files.peakd.com/file/peakd-hive/maxinpower/23zbMzKi3WfWxuoeYkSHytGjsk2BAzEnqAHCgzyrLJsrbtmd7SR2p26ibqnGuEcttwEbV.JPG)
</b>

Oyama Jinja (尾山神社) is a Shinto shrine located in the heart of Kanazawa, dedicated to the famous warlord Maeda Toshiie, the first daimyo of the Kaga clan. Originally built in 1599 on Mount Utatsuyama, the shrine was moved to its current location in 1873 and given its current name.

Oyama Jinja is particularly famous for its unusual main gate, which was designed by a Dutch architect in 1875. It combines Japanese, Chinese, and European architectural elements in an unusual way, even featuring an odd third floor that is said to have once served as a lighthouse and is decorated with colorful Dutch-style stained glass windows. Directly on top of the gate is one of the oldest registered lightning rods in Japan, bringing the gate to a total height of 25 meters.

The sight is truly unusual, and when you stand directly in front of the gate, at first glance you probably don''t think that you are about to walk through the entrance of a Shinto shrine. Were it not for the first stone torii gate that you passed earlier, which can be seen in the first photo.



![IMG_4689.JPG](https://files.peakd.com/file/peakd-hive/maxinpower/23ynUc1L7H1v6t1ufv237WmQdGbKj1ZTwRgT8sKdw5cHiQNDJCboPAeNcmfZ9CWXJdgoU.JPG)
</b>

Seen from the inside, the gate doesn''t really look Japanese, which is what makes it so special. It reminds me a little of Nagasaki, because this city in the very south of Japan also has many European and Chinese architectural elements that create a very similar atmosphere.

In any case, the entrance gate is an eye-catcher that has already made it into countless photos. I took a few pictures myself and added them to my own ever-growing collection.

![IMG_4684.JPG](https://files.peakd.com/file/peakd-hive/maxinpower/EqNF9Gb4BvgmNk4ZEpS2VcqyK8AXqs4YAZBRUjDF9K8ppDGiiW6daymLnLEtjvLcL4G.JPG)
</b>

Here we are standing in front of the actual shrine building, which immediately brings us back to Japanese reality. Yes, this is exactly what the main buildings in most large Shinto shrines look like. 

Directly under the roof hangs a large sign bearing the name of the place (尾山神社), whereby it is noticeable that the characters are arranged from right to left. Traditionally, words and sentences in Japan can be written in various ways, including from top to bottom.



![IMG_6702.JPG](https://files.peakd.com/file/peakd-hive/maxinpower/EoK6JzCMvNt5vZV8k7gM1ivKhgNLg1mdj7BvEKYAVn1JvCQ1Zu87SW9Vx12DRagKtPk.JPG)
</b>

The shrine grounds also feature a statue of Maeda Toshiie and a well-maintained small walking garden with a pond, which was probably once part of a villa belonging to the Maeda family. It is therefore worth taking a closer look around here.


![IMG_4677.JPG](https://files.peakd.com/file/peakd-hive/maxinpower/EoK5mqiqxCVbBYu9ejJiTTXZVChjYq3ncEPp645qXQyoLRvJGB1M2scMr9y3cvPrFZL.JPG)
</b>

Then you would also discover this small gate, which has a much longer history than the shrine in which it stands today. While the famous main gate with its stained glass windows is often the focus of most visitors, the east gate of the shrine is a completely different story: it is an original gate from Kanazawa-Jo, the city''s former castle complex, which was moved here to the shrine after the Meiji Restoration. It is an original and authentic remnant of the castle complex and a piece of feudal history that has been transferred to a religious context here in this shrine.

And that concludes our brief tour of Oyama Shrine. Directly behind is the site of the former castle complex, where various gates and buildings have been rebuilt over the past few decades, and which is another highlight of a visit to Kanazawa. So it''s best to continue on and walk through the Nezumita-mon to explore all there is to see there....




![IMG_6703.JPG](https://files.peakd.com/file/peakd-hive/maxinpower/Eqqvs7oRZGM5iHvwygTbz4jMFxztjEAyFttsXGaExV4dh1jnVYHny7erQg2fw2gLaKd.JPG)


![blog-ende.png](https://files.peakd.com/file/peakd-hive/maxinpower/23tv6H18WKn98nBVkn2MwVhwWsuFRFgjBGwxLEMVhRZD7zRRbFokaNiAn39fUaB3TxVX6.png)','There are many reasons to stay a little longer in Japan. One is the food, which I have already reported on many times here, and another is the country''s impressive variety of landscapes. From expansive coastlines to majestic mountains to endless forests and vast rice fields, each season has its own unique charm. And last but not least, there are the numerous temples and shrines that can be found in every corner of the country. And it is precisely these spiritual places that I find particularly appealing. Even though I am not religious myself, I cannot escape the quiet, almost','https://files.peakd.com/file/peakd-hive/maxinpower/Eou9CMGBCWNa31a7eC1Wj3GryN9ohTKyws1M8ftExD3MdGdeuz1so2cV1D1jUGYudTD.JPG','hive-161179','Steem Japan','2026-02-14 14:28:00',25,'$10.00',NULL),
 (178,'ultravioletmag','wakehurst-botanical-gardens','https://scontent-lht6-1.xx.fbcdn.net/v/t1.0-9/53001561_615247032249805_3599940393782738944_o.jpg?_nc_cat=102&_nc_ht=scontent-lht6-1.xx&oh=50d43805b56956ae69841e3374b06416&oe=5CDCABB7',73,'Wakehurst Botanical  gardens','Join me on a tour around the beautiful wakehurst gardens. This place is absolutely huge, making this perhaps my longest video ever! 

[Video](https://youtu.be/7jU63cUjDic?si=YLKIQmAIgo_ACAT8)','Join me on a tour around the beautiful wakehurst gardens. This place is absolutely huge, making this perhaps my longest video ever! https://youtu.be/7jU63cUjDic?si=YLKIQmAIgo_ACAT8','https://img.youtube.com/vi/7jU63cUjDic/0.jpg','hive-109690','CCS','2026-02-13 17:44:42',69,'$27.60',NULL),
 (179,'vik24','supercharge-your-day-the-morning-routine-you-actually-need-1771313607','https://cdn.steemitimages.com/DQmanG6gohhLy4EfAv1k8eZc2n4nQ57fSrdjx3hYpmRRMME/IMG-20210515-WA0012.jpg',70,'Supercharge Your Day: The Morning Routine You *Actually* Need!','Ever feel like your mornings are a blurry race against the clock, ending with you feeling more like a zombie than a superhero? You''re not alone! We all want to feel energized, focused, and ready to tackle whatever the day throws our way. But how do you go from snooze-button regret to "bring it on!"?

Turns out, there''s a little science magic we can use to hack our mornings and set ourselves up for an epic day. Ditch the old habits, because I''m breaking down the ultimate morning routine that your brain and body will seriously thank you for.

### 1. The Phone Trap: Just Say NO (for a Bit!)

Okay, first things first: Stop grabbing your phone the second your alarm goes off! Checking social media, news, or emails immediately is like unleashing a tiny, hyperactive squirrel into your brain. It floods you with information and demands before you''ve even had a chance to properly wake up. Give your beautiful brain some peace and quiet for the first hour. Your notifications can wait!

### 2. Hydrate Like You''ve Been Trekking the Sahara

Think about it: you just went 7-8 hours (hopefully!) without a single sip of water. Your body is basically a dried-up sponge. So, before you do anything else, grab a big glass of water (or two!). Room temperature is easiest to chug. It kickstarts your metabolism, rehydrates your cells, and helps your brain feel less foggy. Hello, instant refresh!

### 3. Get Your Groove On (Even a Little!)

No, you don''t need to run a marathon before breakfast. But getting some movement in is a game-changer. A quick stretch, a few yoga poses, a brisk walk around the block, or even just dancing to your favorite song for five minutes. It gets your blood flowing, wakes up your muscles, and releases those feel-good endorphins. Bye-bye, stiffness!

### 4. Hello, Sunshine!

This one is HUGE. Within 30-60 minutes of waking up, expose yourself to natural light for 10-30 minutes. Step outside, open the curtains wide, or sit by a bright window. Natural light tells your internal clock, "Hey! It''s daytime! Time to be awake and awesome!" It boosts your alertness, improves your mood, and helps regulate your sleep for the *next* night. If it''s still dark out, a light therapy lamp can work wonders!

[SOURCE](https://i.ytimg.com/vi/vioeY1hrJqE/maxresdefault.jpg)

### 5. Coffee Lovers, Hold Your Horses!

I know, I know, blasphemy! But hear me out. If you''re a coffee drinker, try waiting 90-120 minutes *after* waking up before you brew that first cup. Your body naturally produces cortisol (a hormone that helps you feel alert) in the morning. If you drink caffeine too soon, you mess with this natural cycle, making the coffee less effective and potentially leading to that dreaded afternoon crash. Delayed gratification means better energy later!

### 6. Fuel Up Your Brain (Not Just Your Belly)

Once you''re ready to eat, skip the sugary cereals and opt for a balanced breakfast. Think protein (eggs, Greek yogurt), fiber (oatmeal, fruit), and healthy fats (avocado, nuts). This keeps your blood sugar stable, provides sustained energy, and feeds your brain the nutrients it needs to focus and stay sharp throughout the morning.

### 7. Mindset Magic: Plan & Be Grateful

Before the day truly begins, take 5-10 minutes for yourself. This could be journaling, meditating, practicing gratitude, or simply planning your top 3 priorities for the day. Setting your intentions and taking a moment of calm can dramatically reduce stress and increase your sense of control. You''re telling your brain, "I''m in charge here!"

---

So there you have it! This isn''t about being perfect; it''s about making small, intentional changes that can have a massive impact on your energy, mood, and productivity. Pick one or two things to start with, experiment, and see how much better your days can become! Your future awesome self will thank you.

Inspired by: [The Science-Backed Morning Routine (The BEST Way to Start Your Day)](https://www.youtube.com/watch?v=vioeY1hrJqE)','Ever feel like your mornings are a blurry race against the clock, ending with you feeling more like a zombie than a superhero? You''re not alone! We all want to feel energized, focused, and ready to tackle whatever the day throws our way. But how do you go from snooze-button regret to "bring it on!"? Turns out, there''s a little science magic we can use to hack our mornings and set ourselves up for an epic day. Ditch the old habits, because I''m breaking down the ultimate morning routine that your brain and body will seriously thank you for. 1.','','sport','#sport','2026-02-17 13:33:27',157,'$62.80',NULL),
 (180,'vik24','plot-twist-peps-sweating-over-haaland-before-the-arsenal-showdown-1771162626','https://cdn.steemitimages.com/DQmanG6gohhLy4EfAv1k8eZc2n4nQ57fSrdjx3hYpmRRMME/IMG-20210515-WA0012.jpg',70,'Plot Twist! Pep''s Sweating Over Haaland Before the Arsenal Showdown!','Alright, football fanatics, gather ''round! The Premier League title race is heating up faster than a forgotten hot dog on the grill, and guess what? We''ve got ourselves a major plot twist brewing in Manchester!

Imagine this: The biggest game of the season is just around the corner, Man City vs. Arsenal, a true winner-takes-all (or at least, winner-takes-a-massive-advantage) kind of match. The tension is thicker than a triple-chocolate milkshake, and then, *BAM!* Enter Pep Guardiola, looking a little… well, *sweaty*.

No, he hasn''t just finished a marathon! Our beloved City boss has reportedly been "sweating" over the fitness of none other than goal-machine Erling Haaland. Yes, you read that right. The man who scores goals for fun, the Viking cyborg, the human cheat code – he''s apparently been battling some muscle problems and playing with a bit of discomfort.

[SOURCE](https://assets-cms.goal.com/images/v2/blt56f707f15c7e8499/haaland-celebrates-man-city-v-burnley-fa-cup-2022-23.jpg?auto=webp&format=pjpg&width=3840&quality=60)

Now, for Arsenal fans, this news might feel like finding an extra tenner in your old jeans – a small, unexpected boost! Haaland, with his uncanny ability to find the back of the net from seemingly anywhere, is *the* guy who keeps opposition defenders up at night. The thought of him not being at 100%, or even worse, missing the clash, is like music to Mikel Arteta''s ears (and probably a collective sigh of relief from the Arsenal backline).

Pep admitted Haaland has been having "problems" recently. While he didn''t exactly rule him out, the mere mention of it has sent shockwaves through the football world. Could this be the slight crack in City''s armour that Arsenal needs to finally leapfrog them?

Of course, City''s squad is packed with superstars, and they''re hardly a one-man team. But let''s be real, taking Haaland out of the equation is like taking the main ingredient out of a perfect recipe. It just changes *everything*.

So, as we count down to the colossal clash, keep your eyes peeled for any updates on Haaland. This little fitness drama has just added a whole new layer of spice to what was already a mouth-watering encounter. Will Pep''s sweat turn into tears, or will Haaland miraculously find his stride? Only time will tell, but one thing''s for sure: the title race just got even more unpredictable!

---
Inspired by: [Little boost for Arsenal? Pep Guardiola reveals Man City sweating over Erling Haaland fitness](https://www.goal.com/en-us/lists/little-boost-arsenal-pep-guardiola-reveals-man-city-sweating-erling-haaland-fitness/blt590b541edc5ef460)','Alright, football fanatics, gather ''round! The Premier League title race is heating up faster than a forgotten hot dog on the grill, and guess what? We''ve got ourselves a major plot twist brewing in Manchester! Imagine this: The biggest game of the season is just around the corner, Man City vs. Arsenal, a true winner-takes-all (or at least, winner-takes-a-massive-advantage) kind of match. The tension is thicker than a triple-chocolate milkshake, and then, BAM! Enter Pep Guardiola, looking a little… well, sweaty . No, he hasn''t just finished a marathon! Our beloved City boss has reportedly been "sweating" over the fitness','','sport','#sport','2026-02-15 19:37:06',149,'$59.60',NULL),
 (181,'rtonline','my-daily-walking-stats-february-16-2026','https://i.hizliresim.com/YOvDNE.jpg',69,'My Daily Walking Stats February 16 2026','![](https://images.ecency.com/DQmNbydjg3qx77zaXXQrfuWnWkYKTHkcALcpuWgUbp2ovdr/1602.png)

Hello everyone, I hope everything is going well in your life and you are having a wonderful day. I woke up early this morning, the weather was clear and beautiful, and most surprisingly, it was 24 degrees Celsius in February – it''s truly unbelievable. It felt like summer had arrived, but around here, this kind of weather at this time of year is called a false spring. I went for a long walk today, but I sweated a lot, so I came home early. In this kind of weather, we can catch a cold from sweating so much. Even exceeding 8K was amazing.

![](https://images.ecency.com/DQmSk2MRkJVpzXtmnUk18fKxTje33tEFLX749ueDfPRMv8T/16022.png)

According to Google Fit, I walked 8975 steps, 6.22 km, and burned 2603 Cal. Take care of your health and enjoy your life in a healthy way.

Stay healthy and with love!
Thank you for reading
@rtonline','Hello everyone, I hope everything is going well in your life and you are having a wonderful day. I woke up early this morning, the weather was clear and beautiful, and most surprisingly, it was 24 degrees Celsius in February – it''s truly unbelievable. It felt like summer had arrived, but around here, this kind of weather at this time of year is called a false spring. I went for a long walk today, but I sweated a lot, so I came home early. In this kind of weather, we can catch a cold from sweating so much. Even exceeding','https://images.ecency.com/DQmNbydjg3qx77zaXXQrfuWnWkYKTHkcALcpuWgUbp2ovdr/1602.png','activity','#activity','2026-02-17 02:14:24',13,'$5.20',NULL),
 (182,'vik24','get-ready-for-the-future-its-going-to-be-quantum-and-nanotastic-1771067467','https://cdn.steemitimages.com/DQmanG6gohhLy4EfAv1k8eZc2n4nQ57fSrdjx3hYpmRRMME/IMG-20210515-WA0012.jpg',70,'Get Ready for the Future: It''s Going to Be Quantum and Nano-tastic!','Ever feel like the future is just around the corner, waiting for us to catch up? Well, buckle up, buttercups, because the National Science Foundation (NSF) is hitting the accelerator, and they''re doing it with some seriously tiny tech! We''re talking about a future powered by quantum leaps and nanotechnology, and trust me, it’s way cooler than it sounds.

Think of it like this: Imagine having LEGOs so small, you can build with individual atoms. Or unlocking secret superpowers hidden within the very fabric of reality. That’s kind of what quantum and nanotechnology are all about! They''re not just buzzwords; they’re the keys to unlocking breakthroughs that will change everything from how we get our energy to how we treat diseases.

[SOURCE](https://www.lawbc.com/wp-content/uploads/iStock-2206773425.jpg)

So, what''s the big news? The NSF is creating something called the National Quantum and Nanotechnology Research Infrastructure (NQNRI). Don''t let the mouthful of a name scare you! Basically, it''s like building the ultimate national playground for super-smart scientists and innovators across the country. We’re talking about a network of top-tier facilities, packed with the most advanced tools and tech, all designed to help our brightest minds push the boundaries of what’s possible.

Why now? Because these fields are exploding! We''re on the cusp of some truly mind-blowing discoveries, and the NSF wants to make sure America is leading the charge. This new infrastructure isn''t just about cool gadgets; it''s about making sure our scientists have open access to the best equipment, fostering teamwork across different fields, and making sure we''re training the next generation of genius thinkers.

What could this mean for *you*? Picture this: cleaner, more efficient energy that powers our homes without a fuss. New medical treatments that can target diseases with unbelievable precision. Materials that are stronger, lighter, and smarter than anything we have today. And yes, probably even cooler tech for your phone (you''re welcome!). This initiative is all about boosting our national competitiveness, creating high-tech jobs, and solving some of the world''s toughest problems.

Big universities and research hubs are already circling their calendars, because the NSF is making a huge investment – up to $100 million over five years for each lucky awardee! They’re looking for bold ideas and brilliant teams to make this vision a reality, with initial proposals due in the summer of 2026.

So, while the scientists are busy building the future, we can all get excited about the quantum-powered, nano-infused world that’s heading our way. It''s going to be smaller, smarter, and seriously spectacular!

---
*Inspired by: [https://www.lawbc.com/nsf-will-establish-national-quantum-and-nanotechnology-research-infrastructure-letters-of-intent-are-due-march-16-2026/](https://www.lawbc.com/nsf-will-establish-national-quantum-and-nanotechnology-research-infrastructure-letters-of-intent-are-due-march-16-2026/)*','Ever feel like the future is just around the corner, waiting for us to catch up? Well, buckle up, buttercups, because the National Science Foundation (NSF) is hitting the accelerator, and they''re doing it with some seriously tiny tech! We''re talking about a future powered by quantum leaps and nanotechnology, and trust me, it’s way cooler than it sounds. Think of it like this: Imagine having LEGOs so small, you can build with individual atoms. Or unlocking secret superpowers hidden within the very fabric of reality. That’s kind of what quantum and nanotechnology are all about! They''re not just buzzwords;','','sport','#sport','2026-02-14 17:11:06',149,'$59.60',NULL),
 (183,'vik24','your-chase-sapphire-just-got-a-workout-buddy-and-a-discount-1770972313','https://cdn.steemitimages.com/DQmanG6gohhLy4EfAv1k8eZc2n4nQ57fSrdjx3hYpmRRMME/IMG-20210515-WA0012.jpg',70,'Your Chase Sapphire Just Got a Workout Buddy (and a Discount!)','Hey fitness fanatics and savvy savers! Ever wonder if your credit card could do more than just rack up points for that dream vacation? What if it could also help you get in shape *and* save you some serious dough? Well, buckle up, buttercups, because Chase Sapphire is doing just that!

We''re talking about **WHOOP**, the super-smart wearable that’s basically a tiny, all-knowing health guru strapped to your wrist. Forget just counting steps; WHOOP dives deep into your sleep, recovery, and daily strain, giving you personalized insights to optimize your well-being. It''s like having a crystal ball for your body!

Now, for the exciting part! If you''re rocking a Chase Sapphire card, you''re in for a treat.

[SOURCE](https://thriftytraveler.com/wp-content/uploads/2025/10/Sapphire-cards-with-a-cup-of-coffee-e1761578176976.jpg)

*   **Got the Chase Sapphire Preferred?** You can snag a sweet **$60 statement credit** when you sign up for an annual WHOOP membership. That takes the usual $239 down to a much friendlier $179. Not too shabby for getting smarter about your health!
*   **Rolling with the Chase Sapphire Reserve?** Oh, you fancy! You''ll pocket an even bigger **$90 statement credit** on that annual WHOOP membership. Your price drops from $239 to a super-cool $149. That''s practically a steal for all that health intel!

The best part? This isn''t just for newbies! Whether you''re a long-time WHOOP devotee or you''ve been curious to try it out, this offer is for *you*. Just link your eligible Chase Sapphire card, and boom – instant savings on your annual membership.

Think about it: WHOOP helps you understand when to push harder and, more importantly, when to rest and recover. It''s about optimizing your life, not just tracking it. And with your Chase Sapphire card stepping in to make it more affordable, there''s never been a better time to invest in your health. It''s like your credit card is giving you a high-five for being smart with your money *and* your body.

So, if you''ve been eyeing a WHOOP or are an existing member looking to renew, dust off that Sapphire card and get ready to elevate your health game without draining your wallet. Smart spending meets smart living – now that''s a combination we can all get behind!

---
**Original Article Inspiration:**
[https://thriftytraveler.com/news/credit-card/chase-sapphire-whoop-offer/](https://thriftytraveler.com/news/credit-card/chase-sapphire-whoop-offer/)','Hey fitness fanatics and savvy savers! Ever wonder if your credit card could do more than just rack up points for that dream vacation? What if it could also help you get in shape and save you some serious dough? Well, buckle up, buttercups, because Chase Sapphire is doing just that! We''re talking about WHOOP , the super-smart wearable that’s basically a tiny, all-knowing health guru strapped to your wrist. Forget just counting steps; WHOOP dives deep into your sleep, recovery, and daily strain, giving you personalized insights to optimize your well-being. It''s like having a crystal ball for your','','sport','#sport','2026-02-13 14:45:12',153,'$61.20',NULL),
 (184,'vik24','daily-grind-or-daily-gainz-can-you-really-lift-every-single-day-1770877249','https://cdn.steemitimages.com/DQmanG6gohhLy4EfAv1k8eZc2n4nQ57fSrdjx3hYpmRRMME/IMG-20210515-WA0012.jpg',70,'Daily Grind or Daily Gainz? Can You REALLY Lift Every Single Day?','Alright, fitness fanatics and couch potatoes alike, gather ''round! We''ve all seen that one gym rat who practically lives under the squat rack, right? Or maybe you''ve had that thought cross your mind: "If I lifted *every single day*, I''d be shredded in no time!" Sounds tempting, doesn''t it? But is it actually a smart move, or a one-way ticket to Snap City?

Let''s cut to the chase, because I know your time is precious (especially if you''re planning your next workout!). The answer, according to the wise sages of strength, is a resounding… **YES! You *can* lift every day. BUT – and this is a huge, capital letters, flashing neon sign BUT – it’s all about how you play the game.**

[SOURCE](https://hips.hearstapps.com/hmg-prod/images/mhstrongtalkpod-liftingeveryday-1-698cbfffec0e0.jpg?crop=1xw:1xh;center,top&resize=1200:*)

You see, "lifting every day" doesn''t mean you go full beast mode, maxing out your deadlifts, bench presses, and every other heavy lift until your muscles scream for mercy, 7 days a week. Nope, that''s a fast track to injury, burnout, and probably a serious case of grumpiness. Your body needs to recover, people! That''s when the magic (a.k.a. muscle growth) actually happens.

**So, what''s the secret sauce for daily lifting success?**

Think of it like a smart chef planning their menu. They don''t make a Michelin-star, five-course meal every single night. Sometimes it''s a light salad, sometimes a hearty stew, sometimes just toast! Your daily "lift" should be just as varied:

1.  **Mix Up the Menu:** Don''t hit the same muscle group hard every day. If Monday was heavy chest, Tuesday could be light legs, Wednesday mobility work, Thursday back and biceps, Friday full body, and maybe Saturday a long walk with some bodyweight squats thrown in. Spread the love!
2.  **Intensity Control is Key:** Not every day needs to be a PR attempt. Some days can be about lighter weights and higher reps, focusing on form, or even just bodyweight exercises. Think of it as active recovery rather than pure demolition.
3.  **Listen to Your Body (Seriously!):** This is non-negotiable. If something hurts, stop. If you''re feeling unusually fatigued, take a lighter day or an actual rest day. Your body is smart; it sends signals. Don''t ignore them!
4.  **Define "Lifting":** It doesn''t always have to be barbells and dumbbells. "Lifting" can include resistance bands, kettlebells, calisthenics, or even just really focused stretching and mobility drills that challenge your strength in different ways.

**Who is this daily dedication for?** Generally, it''s best for folks who are already pretty familiar with gym etiquette, understand their body''s limits, and have their nutrition and sleep game on point. If you''re new to the fitness world, starting with 3-4 full-body workouts a week is a fantastic way to build a solid foundation without overdoing it.

Ultimately, lifting every day isn''t about proving how tough you are. It''s about consistency, smart programming, and building a sustainable routine that makes you feel strong, energized, and ready to tackle whatever life throws at you. So go ahead, chase those daily gains – just make sure you''re doing it the smart way!

---
Inspired by: [Men''s Health - Lifting Every Day](https://www.menshealth.com/fitness/a70314195/weight-lifting-everyday-strong-talk-mens-health/)','Alright, fitness fanatics and couch potatoes alike, gather ''round! We''ve all seen that one gym rat who practically lives under the squat rack, right? Or maybe you''ve had that thought cross your mind: "If I lifted every single day , I''d be shredded in no time!" Sounds tempting, doesn''t it? But is it actually a smart move, or a one-way ticket to Snap City? Let''s cut to the chase, because I know your time is precious (especially if you''re planning your next workout!). The answer, according to the wise sages of strength, is a resounding… YES! You can lift every','','sport','#sport','2026-02-12 12:20:51',158,'$63.20',NULL),
 (185,'sports.guy55','the-ufc-heavyweight-division-is-beyond-repair','https://cdn.steemitimages.com/DQmSyyruEuV2iRtLHkxm9K4cdzVQtoUPmZ53HHrEssQuYxh/images%20(1).jpg',78,'The UFC heavyweight division is beyond repair','It''s hard to imagine that it wasn''t even that long ago that the heavyweight division was one of, if the not most, sought after division in UFC or perhaps even MMA as a whole.  The idea of juggernauts that weight 220 lbs (100kg) or more getting in a ring for a scrap with almost no holds barred is something that brings about a level of excitement that the little guys simply cannot bring out.  I remember really dreading the flyweight and lightweight categories as we made our way to the "big guys" but now it is the other way around.

<center markdown="block">
https://www.worldmmaawards.com/wp-content/uploads/2023/06/brock-lesnar.jpg
[src](https://www.worldmmaawards.com/wp-content/uploads/2023/06/brock-lesnar.jpg)</center>

It certainly wasn''t entirely because of him, but Brock Lesnar being an absolute beast certainly helped a lot and the fact that they didn''t pave the way to the top for him was a big plus as well.  This addition, and the genuine nature of his abilities, perhaps lead to UFC and WWE becoming "pals" and that is why they fly under one banner these days.   

One thing I liked about Brock was that once he started to flounder, UFC didn''t tailor-make fights for him that they knew he could win just to finagle his way back to the top.  They put him in real fights and he lost a lot of them.  Then he left the sport on his own to return to WWE where it was a lot less likely that you were going to get put to sleep in front of millions of people.   

The heavyweight division these days is just a joke.   There is nobody worth watching in there and the "champion" is out indefinitely due to an eye gouge and the necessary surgery that has come along with it.  

<center markdown="block">
![image.png](https://files.peakd.com/file/peakd-hive/sports.guy55/EoeMC94XsFy5KVTokhZF198FtfMLXnPAAvhC6wCbTBmjpJURs3fae9GhwtuJ4hoFaZr.png)
[src](https://www.ufc.com/rankings)</center>

Ciryl Gane was the new "golden boy" for UFC and the hope was that he was going to breathe new life into the foundering division.  The main problem with him was that he was extremely boring and people therefore couldn''t wait for someone to come along and knock his block off.   

Jon Jones came back out of retirement to fight in the heavyweight division, defeated Gane, then dodged a fight with Tom Aspinall for ages citing various excuses, then retired again, then unretired but is unconfirmed about which division he wants to fight in, and now the latest news from him is him hanging out in IG videos and complaining about his arthritic hip.  Not exactly the sort of talk and actions of someone that is dedicated to a sport.  

Number 2 ranked Volkov has two split decision in a row and very boring 15-minute dance contests that had boos erupting from the crowd even when he was declared the winner.   Pavlovich''s last 3 fights have also been decisions and very boring ones at that. 

<center markdown="block">
![image.png](https://files.peakd.com/file/peakd-hive/sports.guy55/23tcPAu8nFsRg869LmJ5EbGsPCRYcLCL2stnHsqHnDP6YeJqetd4nuZmBkNGtdP2CAPkh.png)
</center>

If you venture further down the list you have a group of people that most in the world can''t probably even imagine who they are and this is because they are so boring that if they do have a fight at all they are on some minor event, or so far down the fight card that it is unlikely that they are going to be seen at all.  Tai Tuivasa, deservedly, has been removed from the top 15 while his opponent in the last fight, Tallison Teixeira has gone DOWN a spot despite "winning" his last fight.   It seems as though they just don''t know what to do with this division and well, I wouldn''t either.

There just isn''t any really good talent left in the big boys and I really don''t have any idea how they could change this.  They keep trying to push Derrick Lewis because he is funny on the microphone and has a fun little thing he does when he wins but that is the problem... the dude just doesn''t win very much unless he is fighting against a "nobody" that the UFC was probably hoping he would lose to.   Derrick has been around so long that UFC is in the phase now where they are using him as a springboard for new talent, but the new talent just isn''t there.

When we look at other forms of combat sports, the heavyweight division is normally the one that people look forward to the most, but here we are with UFC and it is one that people don''t really even think about at all.   

There was a time when we could fill up almost an entire card with heavyweight fights but these days if there even is one, it is normally relegated to the background because so much can go wrong.  Tai Tuivasa and  Teixeira was supposed to be a slugfest that reignited interest in the division but the opposite happened and the fans were booing and just wanted the two fatties to get out of the octagon and get out of there so they could see a good fight.  

<center markdown="block">
https://mmajunkie.usatoday.com/gcdn/authoring/authoring-images/2026/02/01/SMMA/88462886007-getty-images-2258756420.jpg?width=700&height=467&fit=crop&format=pjpg&auto=webp
[src](https://mmajunkie.usatoday.com/gcdn/authoring/authoring-images/2026/02/01/SMMA/88462886007-getty-images-2258756420.jpg?width=700&height=467&fit=crop&format=pjpg&auto=webp)</center>

I get that nobody wants to get caught with a tree-trunk sized arm catching them on the face but the alternative is to win on points for being the best dance-hugger isn''t going to get you future fights.  

At this point in time I really feel as though the best thing that UFC could do for the heavyweight division is to take a play from the film "Aliens."  Take off, nuke it from orbit...it''s the only way to be sure.   

Let''s stop thinking that we can tweak this division back out from obscurity.  We can''t.  It is too far broken to repair.  Nobody cares about anyone in this division and even if you did manage to bring back Jon Jones for a fight the people would care for just that one fight and then go back to groaning whenever there was a heavyweight fight on the card.  It really shouldn''t be that way.','It''s hard to imagine that it wasn''t even that long ago that the heavyweight division was one of, if the not most, sought after division in UFC or perhaps even MMA as a whole. The idea of juggernauts that weight 220 lbs (100kg) or more getting in a ring for a scrap with almost no holds barred is something that brings about a level of excitement that the little guys simply cannot bring out. I remember really dreading the flyweight and lightweight categories as we made our way to the "big guys" but now it is the other way around.','https://steemitimages.com/640x0/https://www.worldmmaawards.com/wp-content/uploads/2023/06/brock-lesnar.jpg','sports','#sports','2026-02-11 10:29:06',33,'$13.20',NULL),
 (186,'sports.guy55','what-winter-olympic-sports-are-you-watching','https://cdn.steemitimages.com/DQmSyyruEuV2iRtLHkxm9K4cdzVQtoUPmZ53HHrEssQuYxh/images%20(1).jpg',78,'What winter Olympic sports are you watching?','I''ve never been one to get all that excited about the Olympics.   To me they are one of those things that if it is on I will turn to the channel every now and then and see what is going on, but I don''t really know much about the various games and I certainly don''t plan my day around what event is going to be on.   

Normally, when I do find something that I am interested in it is just because it happens to be on at the time and I don''t really know enough about it to really get too committed to any of it. 

<center markdown="block">
https://www.rollingstone.com/wp-content/uploads/2026/02/GettyImages-2259436736.jpg
[src](https://www.rollingstone.com/wp-content/uploads/2026/02/GettyImages-2259436736.jpg)</center>

one sport I never really saw myself becoming a fan of is curling and I want to say that I am not alone in this.   I wouldn''t say that I really have any idea what the strategy could possibly be in this game, I do find it rather fun to watch.   It is also very amazing to me that these guys and girls seem to get the giant rock thing to land exactly where they want it to be every single time.   It also seems to me that the person who goes 2nd has a huge advantage as far as the overall score is concerned.   

I''m not super patriotic, but I do root for "my team" whenever they are rolling or sliding or whatever it is called.   Since these games take a really long time it seems to be on basically at all hours too.  Who is the best at it?  I have no idea.  All the people I have seen play it seem to be extremely good and I guess that makes the events even more exciting despite the rather slow pace of it.   It''s fun to have a commentary with me and my friends who clearly now next to nothing about the sport but still make up our own terms for what is about to go down.  

<center markdown="block">
https://res.cloudinary.com/usopc-prod/image/upload/v1744241042/TeamUSA%20Assets/News/Germain110125vt5551.jpg
[src](https://res.cloudinary.com/usopc-prod/image/upload/v1744241042/TeamUSA%20Assets/News/Germain110125vt5551.jpg)</center>

Another sport that I really enjoy watching is the biathlon.   I saw a funny joke the other day about how since a triathlon is running, cycling and swimming so a biathlon must be two of those things right?  Well, not exactly. 

Whoever decided that cross-country skiing should be mixed with firing a rifle is an absolute genius.   Going fast is always a big part of it, but if you don''t hit the targets well enough at the shooting stages now you have to do punishment laps that are going to put you behind in your skiing.  Being able to do one of the two better than anyone else but being average in the other is NOT going to win you the event.   What a crazy duo of skills to have huh? 

I really enjoy watching this although I have to say that I rarely know what the hell is going on.  It''s just fun to me.  Regular shooting and regular cross-country skiing is quite boring to me, but somehow the two together are just absolutely awesome.  Unfortunately, I don''t get to see this very often because they have to do it during the early day in Italy and this time zone doesn''t match up with my life.   We always have highlights I guess.

<center markdown="block">
https://images.immediate.co.uk/production/volatile/sites/3/2026/02/GettyImages-2260044445-b85cdb3.jpg?quality=90&resize=980,654
[src](https://images.immediate.co.uk/production/volatile/sites/3/2026/02/GettyImages-2260044445-b85cdb3.jpg?quality=90&resize=980,654)</center>
There is one aspect of the Winter Olympics that I am "meh" about though and that is almost all of the snowboarding events.  I believe that snowboarding being in the Olympics at all is the result of the popularity of the X-games in the past (I don''t think those still exist do they) and this pressured the Olympic committee to take it on board (pun intended.)   But a great many of the snowboarding events to me seem either very subjective (who did a twist flip the best?) or they seem like something that you can''t possibly do any better than the person before and it all just becomes a question of who weighs the perfect amount? 

I don''t know what the event is called but it looked like the pic above.  There was a track of easily accomplished bumps going down a hill and there wasn''t any way for the participants to move any faster than they were.  It also didn''t seem to be particularly challenging to any of the people involved so what he ended up with was times that were within a second or two for each and every person that did it.  

When we compare this to the ski slalom for example, there are people that realize they have to push the limits in order to have a chance at getting in the top 3 so they really do crazy things to move perhaps a lot faster than they should.  This results in about 20% of the racers crashing and burning.  In the aforementioned snowboarding event there was no chance for the participants to even take a big chance and no one came even close to falling down.   It was just really boring and didn''t make a lot of sense to me.   

If I see a snowboarding event is on I will search for something else to watch or to just not watch the Olympics at all.   

They will never take these events out though because there is too much money to be made with sponsorship.   

Well that is two events I love and 1 that I could do without? You have anything to add?','I''ve never been one to get all that excited about the Olympics. To me they are one of those things that if it is on I will turn to the channel every now and then and see what is going on, but I don''t really know much about the various games and I certainly don''t plan my day around what event is going to be on. Normally, when I do find something that I am interested in it is just because it happens to be on at the time and I don''t really know enough about it to really get','https://steemitimages.com/640x0/https://www.rollingstone.com/wp-content/uploads/2026/02/GettyImages-2259436736.jpg','sports','#sports','2026-02-14 12:17:15',7,'$2.80',NULL),
 (187,'vik24','kodas-guide-to-pure-joy-unleashing-your-inner-puppy-1770782101','https://cdn.steemitimages.com/DQmanG6gohhLy4EfAv1k8eZc2n4nQ57fSrdjx3hYpmRRMME/IMG-20210515-WA0012.jpg',70,'Koda''s Guide to Pure Joy: Unleashing Your Inner Puppy!','Ever watch a dog and just wish you had their zest for life? You know, that boundless energy, that pure, unadulterated happiness over... well, anything? I''ve been getting my daily dose of inspiration lately from an absolute legend named Koda, and let me tell you, this pup has life figured out!

Koda''s daily routine looks something like this: WAKE UP! EXPLORE! SNIFF EVERYTHING! DIG A HOLE (or two)! RUN LIKE THE WIND! Repeat. It''s truly a masterclass in living in the moment. Forget your to-do lists and your worries for a sec; Koda reminds us that sometimes, the best thing you can do is just *go*.

[SOURCE](https://scontent-ord5-2.cdninstagram.com/v/t51.82787-15/632082719_18425839582138768_6013905878355598536_n.jpg?stp=c240.0.720.720a_dst-jpg_e35_s640x640_tt6&_nc_cat=1&ccb=7-5&_nc_sid=18de74&efg=eyJlZmdfdGFnIjoiQ0FST1VTRUxfSVRFTS5iZXN0X2ltYWdlX3VybGdlbi5DMyJ9&_nc_ohc=x4d-53VEYtwQ7kNvwGn5b1l&_nc_oc=AdnJ1BzvJrj1wcNHsSPSEDnYiYYrdYuXVUg-6Ff1ZvhyR-Po7jYBQ834f_1GHI4tBA&_nc_zt=23&_nc_ht=scontent-ord5-2.cdninstagram.com&_nc_gid=wRj6cU10auZVdpCgBAQQFQ&oh=00_AftSjZydkc-Cd_8Ch1SWp31a10cIaBhqYVAtNWTf-SC1Ng&oe=6991E211)

Seriously, when was the last time you dug a hole with such enthusiasm? Or ran through a field with absolutely no destination in mind, just for the sheer joy of it? Koda dives headfirst into every sniff, every sprint, every muddy patch, showing us how to truly soak up the simple pleasures. He doesn''t care about being graceful, or what anyone thinks of his digging technique. He''s just *happy*.

So, next time you feel a bit bogged down, take a page from Koda''s book. Find your own personal "field" (even if it''s just a park bench or a quiet room), sniff out something interesting (a good book, a new hobby), and maybe, just maybe, unleash your inner Koda for a bit. You might be surprised how much joy you find!

Original Article: [https://www.instagram.com/p/DUl7TGFEhOu/](https://www.instagram.com/p/DUl7TGFEhOu/)','Ever watch a dog and just wish you had their zest for life? You know, that boundless energy, that pure, unadulterated happiness over... well, anything? I''ve been getting my daily dose of inspiration lately from an absolute legend named Koda, and let me tell you, this pup has life figured out! Koda''s daily routine looks something like this: WAKE UP! EXPLORE! SNIFF EVERYTHING! DIG A HOLE (or two)! RUN LIKE THE WIND! Repeat. It''s truly a masterclass in living in the moment. Forget your to-do lists and your worries for a sec; Koda reminds us that sometimes, the best thing','','sport','#sport','2026-02-11 09:55:03',153,'$61.20',NULL),
 (188,'rtonline','my-daily-walking-stats-february-11-2026','https://i.hizliresim.com/YOvDNE.jpg',69,'My Daily Walking Stats February 11 2026','![](https://images.ecency.com/DQmRD4ejYQWUPQL7fQEUCSqLqJaeKcU5UAwS7n8Rjk9yZcc/11022.jpg)

Hello everyone, I hope everything is going well in your life and you are having a wonderful day. I woke up early in the morning and after sending the children to school, my wife and I went to the hospital. The news is very good for now, and my doctor has told me to stop taking three of my medications. This is truly wonderful news, but only time will tell if it is beneficial. I hope my muscle aches go away, which means I''ll be able to take more steps. Time will tell. Also, I managed to exceed 5K today. It''s been a tiring day and I''m going to bed early.

![](https://images.ecency.com/DQmUtEV37bP5th1Pi8WEgPdMbSTiDBzCortpfse2F1ZtRi2/1102.jpg)

According to Google Fit, I walked 5578  steps, 3.69 km, and burned 1931 Cal. Take care of your health and enjoy your life in a healthy way.

Stay healthy and with love!
Thank you for reading
@rtonline','Hello everyone, I hope everything is going well in your life and you are having a wonderful day. I woke up early in the morning and after sending the children to school, my wife and I went to the hospital. The news is very good for now, and my doctor has told me to stop taking three of my medications. This is truly wonderful news, but only time will tell if it is beneficial. I hope my muscle aches go away, which means I''ll be able to take more steps. Time will tell. Also, I managed to exceed 5K today.','https://images.ecency.com/DQmRD4ejYQWUPQL7fQEUCSqLqJaeKcU5UAwS7n8Rjk9yZcc/11022.jpg','activity','#activity','2026-02-12 01:06:18',12,'$4.80',NULL),
 (189,'rtonline','my-daily-walking-stats-february-10-2026','https://i.hizliresim.com/YOvDNE.jpg',69,'My Daily Walking Stats February 10 2026','![](https://images.ecency.com/DQmbpZqT7Jq7aFJhKyvdd3iDWBdgrkD9RnHPRrPmM6x6Fro/10022.jpg)

Hello everyone, I hope everything is going well in your life and you are having a wonderful day. I woke up early this morning and felt better today. The weather was clear but chilly. I''m going to the doctor tomorrow morning, hopefully there won''t be any problems and everything will go well. I also have a dentist appointment this week, so I didn''t want to tire myself out. I didn''t go out today; I just walked on the treadmill. But I''ll go out tomorrow. And today I managed to surpass 5K.

![](https://images.ecency.com/DQmfJRM8BSkUXyUyBsjSVWyf6v2cyZRzrRjExFj5mUqLUMa/1002.jpg)

According to Google Fit, I walked 5321 steps, 3.74 km, and burned 2184 Cal. Take care of your health and enjoy your life in a healthy way.

Stay healthy and with love!
Thank you for reading
@rtonline','Hello everyone, I hope everything is going well in your life and you are having a wonderful day. I woke up early this morning and felt better today. The weather was clear but chilly. I''m going to the doctor tomorrow morning, hopefully there won''t be any problems and everything will go well. I also have a dentist appointment this week, so I didn''t want to tire myself out. I didn''t go out today; I just walked on the treadmill. But I''ll go out tomorrow. And today I managed to surpass 5K. According to Google Fit, I walked 5321 steps, 3.74','https://images.ecency.com/DQmbpZqT7Jq7aFJhKyvdd3iDWBdgrkD9RnHPRrPmM6x6Fro/10022.jpg','activity','#activity','2026-02-11 03:07:39',15,'$6.00',NULL),
 (190,'infogalaxy','the-scientific-formula-how-experts-quantify-sporting-difficulty','https://cdn.steemitimages.com/DQmVTHFxTp5HsP247FUqpgCkNHim7bLcEiEaaX7DitSTo4a/Gmail%20Profile%20Image.jpg',35,'The Scientific Formula: How Experts Quantify Sporting Difficulty.','<html>
<p><img src="https://images.unsplash.com/photo-1721750475749-02b44d91d726?q=80&amp;w=687&amp;auto=format&amp;fit=crop&amp;ixlib=rb-4.1.0&amp;ixid=M3wxMjA3fDB8MHxwaG90by1wYWdlfHx8fGVufDB8fHx8fA%3D%3D"/></p>
<p>Determining the hardest sport is not merely a matter of opinion. Sports scientists, journalists, and athletic organizations have developed methodologies to quantify difficulty using objective metrics. These studies provide fascinating insights into what makes certain sports extraordinarily demanding. This article examines the scientific approaches to measuring sporting difficulty and what the data reveals.</p>
<p><strong>ESPN&#x27;s Degree of Difficulty Project</strong>
</p>
<p>One of the most comprehensive attempts to rank sports difficulty came from ESPN in 2004 and again in 2019. Their panel of experts evaluated sports across ten key athletic skills:
</p>
<p><strong>The Ten Metrics:</strong>
</p>
<p>• Endurance
</p>
<p>• Power
</p>
<p>• Speed
</p>
<p>• Agility
</p>
<p>• Flexibility
</p>
<p>• Nerve
</p>
<p>• Durability
</p>
<p>• Hand-eye coordination
</p>
<p>• Analytic aptitude
</p>
<p>• Physical strength
</p>
<p>Each sport received scores from 1 to 10 in each category, creating a composite difficulty ranking. Boxing consistently topped these lists, followed by ice hockey and football (American). The methodology recognized that no single attribute defines difficulty-sports demand different combinations of skills.
</p>
<p>The SportSpedia Difficulty Index
</p>
<p>SportSpedia developed a more mathematically rigorous approach, weighting factors based on their importance to athletic performance. Their index considers:
</p>
<p><strong>Physiological Demands:</strong>
</p>
<p>• Maximum oxygen consumption (VO2 max) required
</p>
<p>• Muscle fiber type composition needed
</p>
<p>• Energy system utilization (aerobic vs. anaerobic)
</p>
<p><strong>Biomechanical Complexity:</strong>
</p>
<p>• Number of discrete motor skills required
</p>
<p>• Coordination demands across multiple limbs
</p>
<p>• Precision requirements under fatigue
</p>
<p><strong>Psychological Factors:</strong>
</p>
<p>• Decision-making speed under pressure
</p>
<p>• Attention span and focus duration
</p>
<p>• Resilience to performance failure
</p>
<p><strong>Physiological Measurements in Sports Science</strong>
</p>
<p>Laboratory testing provides objective data on what sports demand from the body:
</p>
<p><strong>Heart Rate Monitoring:</strong> During competition, elite soccer players average 85–90% of their maximum heart rate for 90 minutes. Basketball players experience similar cardiovascular strain with explosive bursts.
</p>
<p>Lactate Threshold Testing: Sports requiring sustained high-intensity output-like rowing, cycling, and swimming-push athletes to process lactic acid at extraordinary rates. Rowers often have among the highest lactate tolerance of any athletes.
</p>
<p><strong>Muscle Fiber Analysis: </strong>Sprinters and weightlifters require predominance of fast-twitch fibers. Marathon runners need slow-twitch dominance. Sports like hockey and basketball demand balanced fiber type distribution.
</p>
<p>Injury Data as a Difficulty Metric
</p>
<p>Some researchers use injury rates to gauge physical difficulty:
</p>
<p><strong>High-Risk Sports:</strong>
</p>
<p>• Rugby: 90 injuries per 1,000 player-hours
</p>
<p>• Ice hockey: 80 injuries per 1,000 player-hours
</p>
<p>• Boxing: 70 injuries per 1,000 player-hours
</p>
<p><strong>Chronic Injury Sports:</strong>
</p>
<p>• Gymnastics: 80% of elite gymnasts report chronic back pain
</p>
<p>• Swimming: Shoulder injuries affect nearly 50% of competitive swimmers
</p>
<p>• Running: 50-80% of runners experience annual injuries
</p>
<p><strong>Training Load Quantification</strong>
</p>
<p>Modern sports science tracks training volume as a difficulty proxy:
</p>
<p><strong>Weekly Training Hours:</strong>
</p>
<p>• Gymnastics: 30-40 hours (elite level)
</p>
<p>• Swimming: 30-35 hours (20-25 miles weekly)
</p>
<p>• Rowing: 25-30 hours on water plus cross-training
</p>
<p>• Boxing: 25-30 hours including sparring and conditioning
</p>
<p><strong>Popularity vs. Difficulty</strong>
</p>
<p>Interestingly, the world&#x27;s most popular sports do not necessarily rank highest on scientific difficulty indices. As <a href="https://infogalaxy.site/7-facts-about-the-most-popular-sport-popular-sport/">7 Facts About The Most Popular Sport In The World</a> illustrates, soccer dominates with 3.5 billion fans. Yet on physiological metrics, it ranks behind sports like boxing and ice hockey in overall difficulty. This disconnect highlights an important truth: popularity measures entertainment value and accessibility, not athletic demands.
</p>
<p><strong>The Limitations of Quantification</strong>
</p>
<p>While scientific approaches provide valuable data, they cannot fully capture certain dimensions of difficulty:
</p>
<p><strong>Fear Factor:</strong> How do you quantify the courage required to descend an Olympic ski jump or face a 100 mph hockey slapshot?
</p>
<p><strong>Pressure:</strong> The psychological weight of performing in front of billions during a World Cup final defies measurement.
</p>
<p><strong>Longevity:</strong> Sports like golf and tennis require decades of sustained excellence, a different kind of difficulty than explosive, short careers.
</p>
<p>Scientific difficulty rankings offer objective frameworks for debate, but they cannot deliver a definitive answer. The hardest sport depends on which metrics you prioritize and which athletic qualities you value most. As we explore individual sports throughout this series, we will apply these scientific lenses while acknowledging that some aspects of sporting greatness remain beyond measurement.
</p>
<p></p>
</html>','Determining the hardest sport is not merely a matter of opinion. Sports scientists, journalists, and athletic organizations have developed methodologies to quantify difficulty using objective metrics. These studies provide fascinating insights into what makes certain sports extraordinarily demanding. This article examines the scientific approaches to measuring sporting difficulty and what the data reveals. ESPN''s Degree of Difficulty Project One of the most comprehensive attempts to rank sports difficulty came from ESPN in 2004 and again in 2019. Their panel of experts evaluated sports across ten key athletic skills: The Ten Metrics: • Endurance • Power • Speed • Agility •','https://images.unsplash.com/photo-1721750475749-02b44d91d726?q=80&w=687&auto=format&fit=crop&ixlib=rb-4.1.0&ixid=M3wxMjA3fDB8MHxwaG90by1wYWdlfHx8fGVufDB8fHx8fA%3D%3D','sports','#sports','2026-02-16 22:38:39',0,'$0.00',NULL),
 (191,'alrikorion','understanding-new88-and-the-role-of-new88thai','https://www.gravatar.com/avatar/00000000000000000000000000000000?d=mp&f=y&s=128',35,'Understanding NEW88 and the Role of new88thai','<p dir="ltr">The world of online betting and digital gaming has expanded significantly in recent years, with platforms like NEW88 becoming widely known among users in Asia and beyond. When researching this topic, terms like ลิขสิทธิ์ NEW88 (the licensing of NEW88) and <strong><a href="http://new88thai.com">new88thai.com</a></strong> often appear. These relate to the legal and operational aspects of the platform, including how it claims to be regulated, what licensing credentials it presents, and what users should consider before engaging with any online betting site.</p>
<h1 dir="ltr">What Is NEW88?</h1>
<p dir="ltr">NEW88 is a brand name associated with online betting services that include a variety of gambling activities such as sports wagering, live casino games, slot machines, and virtual competitions. The name itself is used by various sites that claim to offer gaming services under the NEW88 brand identity. Many of these sites describe themselves as international platforms for digital entertainment, attracting users with a range of betting options and interactive games.</p>
<p dir="ltr">The central concept behind the platform is to provide a comprehensive entertainment hub where players can log in, make deposits, place bets, and monitor gaming outcomes through a centralized interface designed for both desktop and mobile access.</p>
<h1 dir="ltr">What Is new88thai.com?</h1>
<p dir="ltr">The domain new88thai.com is one of the web addresses associated with the NEW88 brand and is commonly referenced in online discussions about NEW88 in Thailand. According to information linked to this domain, the site presents itself with contact details such as a business address in Bangkok and claims to operate under gaming licenses, including one from PAGCOR (Philippine Amusement and Gaming Corporation).</p>
<p dir="ltr">PAGCOR is a gaming authority in the Philippines that issues licenses to online gaming operators. A license from such a regulator generally indicates that the operator is subject to certain legal requirements, financial oversight, and consumer protection standards. For users, this means that the platform claiming this license should adhere to rules about fair play, financial transparency, and data security.</p>
<p dir="ltr">However, it is also important to independently verify licensing claims directly on the regulator&rsquo;s official website rather than relying solely on what a third‑party domain displays.</p>
<h1 dir="ltr">Understanding the Concept of ลิขสิทธิ์ NEW88</h1>
<p dir="ltr">The term ลิขสิทธิ์ NEW88 refers broadly to the licensing, authorization, and legal credentials that a platform claims to hold to operate as an online betting service. Licensing in online gaming is crucial because it determines whether a platform is operating under regulated conditions or not. Legitimate licenses usually come from recognized authorities such as PAGCOR, the Isle of Man Gambling Supervision Commission, or the Cagayan Economic Zone and Freeport in the Philippines.</p>
<p dir="ltr">Licensing from a reputable regulator typically means that a platform must follow strict standards to protect players, ensure fair game outcomes, and safeguard financial transactions. Regulators often require operators to maintain separate accounts for player funds, implement anti‑money‑laundering procedures, and submit to periodic audits.</p>
<p dir="ltr">On the other hand, claims of licensing on a commercial website should be interpreted carefully. Users should verify licensing directly through the issuing authority&rsquo;s official registry when possible to confirm whether the license is valid, active, and applicable to the region from which they intend to play.</p>
<h1 dir="ltr">Why Licensing Matters in Online Betting</h1>
<p dir="ltr">Licensing is one of the most important aspects of safety and trust in the online betting industry. A platform operating with a valid license from a recognized authority demonstrates a commitment to compliance with legal and ethical standards. Licensed operators are usually required to protect user data, segregate player funds, and publish transparent terms and conditions.</p>
<p dir="ltr">When a platform like NEW88 presents licensing information, users should consider what regulator has issued the license and whether that regulator is reputable. International authorities such as PAGCOR are well‑known in the gaming industry for overseeing casino and sports betting operations. This does not guarantee perfection, but it does generally indicate that the operator is subject to external oversight.</p>
<p dir="ltr">Users should also be aware that licensing by an offshore authority may not automatically make a platform legal in every country. The legal status of online betting varies by jurisdiction, and a license that is valid in one country might not confer legality in another. Independent verification of the licensing and compliance status of any online betting platform is a recommended step before engaging in any financial transactions or gameplay.</p>
<h1 dir="ltr">What to Look For When Verifying Licenses</h1>
<p dir="ltr">When researching the legitimacy of a platform like NEW88 and its associated domain new88thai.com, several factors should be considered:</p>
<p dir="ltr">First, check the licensing claims against the official registry of the stated authority. For example, PAGCOR has an online listing of companies it has licensed, and many reputable regulators offer searchable databases for this purpose.</p>
<p dir="ltr">Second, look at whether the platform clearly displays terms and conditions, privacy policies, and responsible gambling information. This transparency typically indicates a more legitimate operation.</p>
<p dir="ltr">Third, evaluate user feedback and independent reviews from trusted sources to understand whether others have encountered issues with withdrawals, account access, or game fairness.</p>
<p dir="ltr">Finally, consider whether the platform&rsquo;s operations are compatible with the legal requirements of your own jurisdiction. Even if a platform holds a foreign license, it may not be legal for users in certain countries to engage with its services.</p>
<h1 dir="ltr">Conclusion</h1>
<p dir="ltr">Understanding <strong><a href="https://new88thai.com/copyright-new88/">ลิขสิทธิ์ NEW88</a></strong> and the context surrounding new88thai.com involves more than just reading the claims on a website. Licensing in the online betting industry is a critical component of trust, fairness, and legal compliance. Platforms that claim to operate under licenses from recognized authorities such as PAGCOR or offshore regulators are generally more credible than those that do not provide verifiable credentials.</p>
<p dir="ltr">However, verifying these claims through official regulatory websites and understanding the local legal environment where you live remains essential. This helps ensure that you engage with online betting platforms in a manner that is both safe and compliant with applicable laws.</p>','The world of online betting and digital gaming has expanded significantly in recent years, with platforms like NEW88 becoming widely known among users in Asia and beyond. When researching this topic, terms like ลิขสิทธิ์ NEW88 (the licensing of NEW88) and new88thai.com often appear. These relate to the legal and operational aspects of the platform, including how it claims to be regulated, what licensing credentials it presents, and what users should consider before engaging with any online betting site. What Is NEW88? NEW88 is a brand name associated with online betting services that include a variety of gambling activities such as','','sports','#sports','2026-02-13 17:31:12',0,'$0.00',NULL),
 (192,'frannyboi','raheem-sterling-has-joined-dutch-sign-feyenoord-until-the-end-of-the-season','https://www.gravatar.com/avatar/00000000000000000000000000000000?d=mp&f=y&s=128',35,'Raheem Sterling has joined Dutch sign Feyenoord until the end of the season.','Chelsea and Raheem Sterling severed ties in January after mutually agreeing the terms of his exit; the 31-year-old winger has not played since his loan at Arsenal in May 2025; he will link up with former Man Utd and Arsenal striker Robin van Persie, who is now head coach of Feyenoord','Chelsea and Raheem Sterling severed ties in January after mutually agreeing the terms of his exit; the 31-year-old winger has not played since his loan at Arsenal in May 2025; he will link up with former Man Utd and Arsenal striker Robin van Persie, who is now head coach of Feyenoord','','sports','#sports','2026-02-12 23:54:06',0,'$0.00',NULL),
 (193,'davidchristain','what-steps-ensure-a-successful-luxury-home-renovation-project','https://www.gravatar.com/avatar/00000000000000000000000000000000?d=mp&f=y&s=128',22,'What Steps Ensure a Successful Luxury Home Renovation Project?','A successful luxury home renovation project begins with selecting a trusted Luxury Remodeling Company with experience in high-end properties. Best Luxury Remodeling Company teams in Greensboro prioritize clear communication, detailed project plans, and realistic timelines. Homeowners should start by defining goals, budgeting carefully, and choosing premium materials that align with design vision. [Luxury Remodeling Company in Greensboro NC](https://tavirllc.com/) professionals conduct thorough inspections, assess structural integrity, and identify potential challenges before work begins. Coordinating skilled contractors, designers, and tradespeople ensures each phase—from demolition to finishing—is executed efficiently. Continuous monitoring and quality checks maintain craftsmanship standards, delivering a final result that meets aesthetic expectations and functional requirements.','A successful luxury home renovation project begins with selecting a trusted Luxury Remodeling Company with experience in high-end properties. Best Luxury Remodeling Company teams in Greensboro prioritize clear communication, detailed project plans, and realistic timelines. Homeowners should start by defining goals, budgeting carefully, and choosing premium materials that align with design vision. Luxury Remodeling Company in Greensboro NC professionals conduct thorough inspections, assess structural integrity, and identify potential challenges before work begins. Coordinating skilled contractors, designers, and tradespeople ensures each phase—from demolition to finishing—is executed efficiently. Continuous monitoring and quality checks maintain craftsmanship standards, delivering a final result that meets','','home','#home','2026-02-17 18:40:57',0,'$0.00',NULL),
 (194,'davidchristain','how-do-high-end-homes-balance-design-comfort-and-function','https://www.gravatar.com/avatar/00000000000000000000000000000000?d=mp&f=y&s=128',22,'How Do High-End Homes Balance Design, Comfort, and Function?','A skilled [luxury home builder Los Angeles](https://cedarconstruct.com/) understands that true upscale living blends architectural beauty with everyday practicality. High-end homes are designed with open layouts, natural lighting, and premium materials that create elegance without sacrificing comfort. Affordable luxury home builders in Los Angeles focus on smart space planning, ensuring kitchens, living areas, and private suites flow naturally. Custom luxury home builders in Los Angeles often integrate energy-efficient systems, advanced insulation, and smart home technology to improve functionality. Thoughtful storage solutions, high ceilings, and indoor-outdoor connections enhance both lifestyle and property value. The goal is to create a residence that looks refined while supporting daily convenience and long-term durability.','A skilled luxury home builder Los Angeles understands that true upscale living blends architectural beauty with everyday practicality. High-end homes are designed with open layouts, natural lighting, and premium materials that create elegance without sacrificing comfort. Affordable luxury home builders in Los Angeles focus on smart space planning, ensuring kitchens, living areas, and private suites flow naturally. Custom luxury home builders in Los Angeles often integrate energy-efficient systems, advanced insulation, and smart home technology to improve functionality. Thoughtful storage solutions, high ceilings, and indoor-outdoor connections enhance both lifestyle and property value. The goal is to create a residence that looks','','home','#home','2026-02-17 16:21:48',0,'$0.00',NULL),
 (195,'davidchristain','what-planning-steps-reduce-cracking-in-outdoor-hardscapes','https://www.gravatar.com/avatar/00000000000000000000000000000000?d=mp&f=y&s=128',22,'What Planning Steps Reduce Cracking in Outdoor Hardscapes?','Thorough planning significantly reduces cracking risks. [Masonry contractors in New Jersey](https://njmasonrypavers.com/) assess ground movement and moisture exposure before construction begins. Base layers must be compacted evenly to support stone or pavers. Concrete pool deck contractors near me install control joints that allow slight expansion without surface damage. Reinforcement grids and proper curing techniques also limit shrinkage cracks. Careful scheduling during moderate weather conditions ensures materials set correctly. Professional oversight during every phase keeps outdoor hardscapes smooth, level, and resilient.','Thorough planning significantly reduces cracking risks. Masonry contractors in New Jersey assess ground movement and moisture exposure before construction begins. Base layers must be compacted evenly to support stone or pavers. Concrete pool deck contractors near me install control joints that allow slight expansion without surface damage. Reinforcement grids and proper curing techniques also limit shrinkage cracks. Careful scheduling during moderate weather conditions ensures materials set correctly. Professional oversight during every phase keeps outdoor hardscapes smooth, level, and resilient.','','home','#home','2026-02-12 14:12:24',0,'$0.00',NULL),
 (196,'thevpnboss','standing-accountable-for-your-decisions-and-goals','https://cdn.steemitimages.com/DQmZfe9ezNPi93VZMDodCfMkwncgJeXv4MASHFP31WdwVSN/american%20netflix.jpg',79,'Standing Accountable for Your Decisions and Goals','There is something strangely powerful about saying: *“This is on me.”*

Not in a self-blaming, heavy, shame-filled way. But in a grounded, calm, grown-up way. The kind of ownership that doesn’t look for excuses, doesn’t point fingers, and doesn’t wait for perfect circumstances. Just a quiet decision: **I choose this. I’m responsible for this.**

Accountability is uncomfortable because it removes our favorite escape routes. If your goals aren’t moving forward, you can’t blame timing, the market, your childhood, your boss, your spouse, or Mercury being in retrograde. You have to look in the mirror and ask: *What did I actually do? What did I avoid?*

That’s not punishment. That’s power.

When you take ownership of your decisions, something shifts. You stop being a passenger in your own life. You stop reacting. You start steering.

## Goals Without Accountability Are Just Wishes

Everyone has goals. Fewer people have systems. Even fewer have accountability.

Saying “I want to get fit” is easy. Showing up when it’s raining and you’re tired is different.  
Saying “I want to grow my business” is easy. Doing the uncomfortable calls and the boring backend work is different.  
Saying “I want a better relationship” is easy. Admitting your own mistakes and changing behavior? That’s real work.

Accountability means tracking what you said you would do — and whether you actually did it. It means reviewing your week and asking uncomfortable but honest questions:

- Did I prioritize what I claim is important?
- Where did I procrastinate?
- What patterns are repeating?
- What excuse did I use this time?

The answers might sting a little. Good. That’s growth knocking.

## The Freedom of Ownership

Here’s the paradox: accountability feels heavy at first, but it creates freedom.

If your results are someone else’s fault, you’re stuck waiting for them to change.  
If your results are your responsibility, you can change them.

That’s liberating.

When you fully own your decisions, you also own the possibility of improvement. You stop waiting for permission. You stop waiting for motivation. You start building discipline.

And discipline isn’t harsh. It’s alignment between what you say matters and what you actually do.

## Practical Ways to Stay Accountable

You don’t need a dramatic life overhaul. Start simple.

1. **Write down your goals.** Vague intentions disappear. Written goals stare back at you.
2. **Break them into weekly actions.** Goals live in daily habits.
3. **Track your actions, not just outcomes.** Did you show up?
4. **Review weekly.** No drama. Just data.
5. **Own your misses.** No excuses. Just adjustments.

If you failed this week, good. That means you’re trying. Now adjust.

Accountability isn’t about being perfect. It’s about being honest. And honesty builds momentum.

At the end of the day, you are living the consequences of your decisions — good or bad. That’s not a threat. It’s an invitation.

Stand tall. Own it. Adjust when needed. Move forward.

Your future self will thank you.','There is something strangely powerful about saying: “This is on me.” Not in a self-blaming, heavy, shame-filled way. But in a grounded, calm, grown-up way. The kind of ownership that doesn’t look for excuses, doesn’t point fingers, and doesn’t wait for perfect circumstances. Just a quiet decision: I choose this. I’m responsible for this. Accountability is uncomfortable because it removes our favorite escape routes. If your goals aren’t moving forward, you can’t blame timing, the market, your childhood, your boss, your spouse, or Mercury being in retrograde. You have to look in the mirror and ask: What did I actually','','life','#life','2026-02-16 20:33:12',74,'$29.60',NULL),
 (197,'thevpnboss','drawing-strength-from-god-when-he-is-your-source','https://cdn.steemitimages.com/DQmZfe9ezNPi93VZMDodCfMkwncgJeXv4MASHFP31WdwVSN/american%20netflix.jpg',79,'Drawing Strength from God – When He Is Your Source','There are seasons in life when your own strength simply isn’t enough. You can drink the coffee, make the plans, organize the calendar, smile for people… and still feel empty inside. The Bible never denies that weakness is real. In fact, it leans into it.

“God is our refuge and strength, an ever-present help in trouble.” (Psalm 46:1)

Notice something important: it doesn’t say God *gives* strength occasionally. It says He *is* our strength. That changes everything. If He is the source, then you are not required to manufacture power from within yourself.

### 1. Admit Your Weakness

The first step to drawing strength from God is honesty. The Apostle Paul writes:

“My grace is sufficient for you, for my power is made perfect in weakness.” (2 Corinthians 12:9)

Weakness is not a disqualification. It is an entry point. When you admit, “I cannot carry this alone,” you create space for God’s power to work.

### 2. Stay Connected to the Source

Jesus says in John 15:5:

“I am the vine; you are the branches. If you remain in me and I in you, you will bear much fruit; apart from me you can do nothing.”

Branches don’t strain to produce fruit. They simply stay connected. Drawing strength from God is not about trying harder; it’s about staying close. Prayer, Scripture, worship, silence — these are not religious duties. They are lifelines.

### 3. Exchange Your Burdens

Isaiah 40:31 offers one of the most powerful promises in Scripture:

“But those who hope in the Lord will renew their strength. They will soar on wings like eagles.”

Renewal implies exchange. You bring Him your anxiety, fear, exhaustion. He gives you peace, courage, endurance. It may not always feel dramatic. Sometimes strength comes quietly — the ability to take one more step, make one more loving choice, endure one more day.

### 4. Remember Who Fights for You

Exodus 14:14 says, “The Lord will fight for you; you need only to be still.”

Strength in God does not always look like action. Sometimes it looks like trust. Sometimes it looks like resting when you would normally panic.

When God is your source, you are no longer a battery that must constantly recharge yourself. You are connected to an endless current. And that current does not run dry.

Draw near. Ask honestly. Stay connected. Let Him be your strength.','There are seasons in life when your own strength simply isn’t enough. You can drink the coffee, make the plans, organize the calendar, smile for people… and still feel empty inside. The Bible never denies that weakness is real. In fact, it leans into it. “God is our refuge and strength, an ever-present help in trouble.” (Psalm 46:1) Notice something important: it doesn’t say God gives strength occasionally. It says He is our strength. That changes everything. If He is the source, then you are not required to manufacture power from within yourself. 1. Admit Your Weakness The first step','','god','#god','2026-02-15 21:24:33',69,'$27.60',NULL),
 (198,'sebastianreed','4jzfqc-unique-opportunities-for-australian-players','https://cdn.steemitimages.com/DQmVS96rnYCHngMqKrnPH4r5iryogwBkpu3ojZmgwmKGy5S/1646920164_57-kartinkin-net-p-kartinki-parnei-na-avu-64.jpg',35,'unique opportunities for Australian players','Level-Up.Casino (EN-AU) is a modern online entertainment platform aimed at Australian users, combining a user-friendly interface, diverse content, and mobile compatibility. This website offers an engaging and dynamic experience, allowing everyone to quickly find their favorite games, participate in promotions, and learn about the platform''s key features in an accessible and understandable format. Thanks to its well-thought-out structure and wide selection, Level-Up.Casino is becoming a popular resource for those who value quality, convenience, and up-to-date information. One of https://level-up.casino/en-au/ main advantages is the diversity of available gaming content: from classic slots to modern solutions with unique plots and features. The platform partners with leading industry providers, ensuring high-quality graphics, smooth gameplay, and stability. This combination allows users to enjoy their favorite games at any time, whether on a computer or mobile device. Level-Up.Casino EN-AU is particularly appealing to Australian audiences thanks to local adaptations that take into account regional preferences and current conditions.','Level-Up.Casino (EN-AU) is a modern online entertainment platform aimed at Australian users, combining a user-friendly interface, diverse content, and mobile compatibility. This website offers an engaging and dynamic experience, allowing everyone to quickly find their favorite games, participate in promotions, and learn about the platform''s key features in an accessible and understandable format. Thanks to its well-thought-out structure and wide selection, Level-Up.Casino is becoming a popular resource for those who value quality, convenience, and up-to-date information. One of https://level-up.casino/en-au/ main advantages is the diversity of available gaming content: from classic slots to modern solutions with unique plots and features. The','','work','#work','2026-02-14 01:44:36',0,'$0.00',NULL);
INSERT INTO posts_vote ("id","object_id","value","voted_at","content_type_id","user_id") VALUES (1,196,1,'2026-02-17 21:04:57.757439',1,1),
 (4,340,1,'2026-02-17 21:07:06.959299',2,1),
 (5,341,1,'2026-02-17 21:08:30.253707',2,1);
COMMIT;
